"Metric Name","Type","Parent Metric","Experiment Group","Aggregate Func","control Value","control Exposure Volume","treatment Value","treatment Exposure Volume","treatment Absolute Impact","treatment Absolute Impact Confidence Interval","treatment Relative Impact","treatment Relative Impact Confidence Interval","treatment P Value","treatment Significance","treatment Coverage","treatment Relative Global Lift","treatment Absolute Global Lift"
"account_or_system_push_opt_out","Metric","N/A","","mean","0.004104","1,225,247","0.004216","1,224,785","0.000113","[-0.000048, +0.000274]","0.027467","[-1.1781%, +6.6715%]","0.170175","-","","",""
"active_share_7d","Metric","N/A","","mean","-","0","-","0","-","-","-","-","-","-","-","-","-"
"ads_promotion_promotion_cx_discount","Metric","N/A","","mean","-","0","-","0","-","-","-","-","-","-","-","-","-"
"ads_revenue","Metric","N/A","","mean","0.796389","1,225,247","0.804219","1,224,785","0.007526","[+0.000523, +0.014529]","0.009450","[+0.0657%, +1.8243%]","0.035168","Significant","0.040110","0.000379","0.002288"
"avg_dat_mins","Metric","N/A","","mean","-","0","-","0","-","-","-","-","-","-","-","-","-"
"chex_ct_cancel_order","Metric","N/A","","mean","0.013681","251,343","0.013960","251,087","0.000283","[-0.000116, +0.000682]","0.020675","[-0.8468%, +4.9817%]","0.164384","-","","",""
"chex_ct_cart_page_conversion","Metric","N/A","","mean","0.830493","656,646","0.829801","657,765","-0.000648","[-0.001705, +0.00041]","-0.000780","[-0.2054%, +0.0494%]","0.230230","-","","",""
"chex_ct_cart_page_conversion_deliveries","Metric","N/A","","mean","0.813822","656,646","0.813190","657,765","-0.000593","[-0.0017, +0.000514]","-0.000729","[-0.2089%, +0.0631%]","0.293572","-","","",""
"chex_ct_checkout_page_failure","Metric","N/A","","mean","0.059970","656,646","0.059866","657,765","-0.000126","[-0.000765, +0.000513]","-0.002100","[-1.2761%, +0.8562%]","0.699526","-","","",""
"chex_ct_checkout_page_load","Metric","N/A","","mean","0.913999","656,646","0.913483","657,765","-0.000510","[-0.001228, +0.000207]","-0.000558","[-0.1344%, +0.0227%]","0.163421","-","","",""
"chex_ct_conversion_after_cancel","Metric","N/A","","mean","0.931097","10,857","0.932454","11,052","0.001396","[-0.00538, +0.008171]","0.001499","[-0.5778%, +0.8776%]","0.686406","-","","",""
"chex_ct_conversion_after_checkout_failure","Metric","N/A","","mean","0.800701","85,910","0.799720","86,461","-0.000591","[-0.004241, +0.003059]","-0.000738","[-0.5296%, +0.382%]","0.751022","-","","",""
"chex_ct_conversion_after_payment_failure","Metric","N/A","","mean","0.885738","20,053","0.882525","20,262","-0.003079","[-0.008719, +0.00256]","-0.003477","[-0.9844%, +0.2891%]","0.284535","-","","",""
"chex_ct_mfa_page_close","Metric","N/A","","mean","0.227355","2,675","0.220339","2,620","-0.006879","[-0.029381, +0.015622]","-0.030258","[-12.923%, +6.8713%]","0.549027","-","","",""
"chex_ct_mfa_page_load","Metric","N/A","","mean","0.002743","251,343","0.002698","251,087","-0.000049","[-0.000201, +0.000104]","-0.017683","[-7.3178%, +3.7812%]","0.532281","-","","",""
"chex_ct_mfa_page_success","Metric","N/A","","mean","0.831829","2,675","0.828666","2,620","-0.003267","[-0.023686, +0.017152]","-0.003928","[-2.8475%, +2.062%]","0.753817","-","","",""
"chex_ct_payment_error","Metric","N/A","","mean","0.032136","251,343","0.032135","251,087","0.000001","[-0.00076, +0.000763]","0.000044","[-2.3652%, +2.374%]","0.997092","-","","",""
"chex_ct_place_order","Metric","N/A","","mean","0.554660","615,752","0.554478","616,080","-0.000150","[-0.002125, +0.001825]","-0.000270","[-0.3831%, +0.3291%]","0.881678","-","","",""
"chex_ct_store_page_load","Metric","N/A","","mean","0.548582","656,646","0.550234","657,765","0.001811","[+0.000465, +0.003156]","0.003300","[+0.0847%, +0.5753%]","0.008366","Significant","","",""
"chex_ct_too_far_away","Metric","N/A","","mean","0.057946","656,646","0.057619","657,765","-0.000278","[-0.000991, +0.000436]","-0.004793","[-1.711%, +0.7524%]","0.445648","-","","",""
"cng_order_rate_nc","Metric","N/A","","mean","0.333867","1,225,247","0.336760","1,224,785","0.003491","[+0.000704, +0.006278]","0.010457","[+0.2109%, +1.8805%]","0.014080","Significant","0.044599","0.000466","0.001046"
"consumer_mto","Metric","N/A","","mean","0.067552","1,225,247","0.067945","1,224,785","0.000540","[-0.000877, +0.001956]","0.007990","[-1.2979%, +2.8959%]","0.455191","-","0.052633","0.000421","0.000647"
"consumer_order_frequency_l_28_d","Metric","N/A","","mean","-","0","-","0","-","-","-","-","-","-","-","-","-"
"consumers_mau","Metric","N/A","","mean","0.691789","1,225,247","0.691782","1,224,785","-0.000186","[-0.00117, +0.000799]","-0.000268","[-0.1692%, +0.1155%]","0.711743","-","0.040959","-0.000011","-0.000005"
"cx_app_quality_action_load_latency_web","Metric","N/A","","mean","0.020601","719,698","0.019971","716,665","-0.000613","[-0.001504, +0.000278]","-0.029748","[-7.3005%, +1.3509%]","0.177695","-","0.546106","-0.014529","-0.000335"
"cx_app_quality_crash_web","Metric","N/A","","mean","0.000318","1,165,094","0.000314","1,164,054","-0.000003","[-0.000015, +0.000008]","-0.010186","[-4.6207%, +2.5836%]","0.579434","-","0.480327","-0.001111","-0.000002"
"cx_app_quality_inp_web","Metric","N/A","","mean","-","0","-","0","-","-","-","-","-","-","-","-","-"
"cx_app_quality_page_action_error_web","Metric","N/A","","mean","0.003171","945,565","0.003106","946,838","-0.000058","[-0.00017, +0.000053]","-0.018399","[-5.3631%, +1.6833%]","0.306053","-","0.613984","-0.009694","-0.000036"
"cx_app_quality_page_load_error_web","Metric","N/A","","mean","0.000611","1,112,612","0.000603","1,111,762","-0.000007","[-0.000036, +0.000021]","-0.012268","[-5.9719%, +3.5183%]","0.612335","-","0.467811","-0.000978","-0.000004"
"cx_app_quality_page_load_latency_web","Metric","N/A","","mean","0.040481","802,840","0.040029","801,997","-0.000363","[-0.001047, +0.000321]","-0.008970","[-2.5873%, +0.7934%]","0.298320","-","0.508544","-0.003895","-0.000185"
"cx_app_quality_single_metric_android","Metric","N/A","","mean","0.020029","119,800","0.019628","119,643","-0.000277","[-0.000759, +0.000206]","-0.013827","[-3.7915%, +1.0261%]","0.260575","-","0.024334","-0.000326","-0.000007"
"cx_app_quality_single_metric_ios","Metric","N/A","","mean","0.023931","276,945","0.023739","276,940","-0.000172","[-0.000445, +0.000101]","-0.007200","[-1.8608%, +0.4208%]","0.216102","-","0.014442","-0.000106","-0.000003"
"cx_app_quality_single_metric_web","Metric","N/A","","mean","0.011414","1,119,470","0.011256","1,119,062","-0.000135","[-0.000299, +0.000029]","-0.011833","[-2.6176%, +0.251%]","0.105892","-","0.503330","-0.004251","-0.000068"
"cx_app_quality_tbt_web","Metric","N/A","","mean","-","0","-","0","-","-","-","-","-","-","-","-","-"
"dashpass_paid_balance","Metric","N/A","","mean","-","0","-","0","-","-","-","-","-","-","-","-","-"
"dashpass_signup","Metric","N/A","","mean","0.037790","1,225,247","0.037345","1,224,785","-0.000445","[-0.000934, +0.000043]","-0.011779","[-2.4705%, +0.1148%]","0.074113","-","0.041175","-0.000485","-0.000437"
"dbd_attach_rate_post_checkout","Metric","N/A","","mean","0.050409","569,988","0.050215","569,047","-0.000234","[-0.000931, +0.000464]","-0.004633","[-1.8469%, +0.9203%]","0.511652","-","0.038805","-0.000259","-0.000009"
"dbd_attach_rate_pre_and_post","Metric","N/A","","mean","0.050849","834,771","0.045032","834,392","-0.005843","[-0.006473, -0.005213]","-0.114916","[-12.7308%, -10.2525%]","0.000000","Significant","0.040782","-0.006866","-0.000288"
"dbd_attach_rate_pre_checkout","Metric","N/A","","mean","0.008920","834,771","0.009170","834,392","0.000244","[-0.000065, +0.000553]","0.027317","[-0.7323%, +6.1958%]","0.122194","-","0.029311","0.001132","0.000013"
"dbd_avg_o2_20_late","Metric","N/A","","mean","0.028279","76,569","0.028384","83,628","0.000082","[-0.001157, +0.00132]","0.002884","[-4.091%, +4.6677%]","0.897317","-","0.051556","0.000141","0.000004"
"dbd_avg_o2_cancellations","Metric","N/A","","mean","0.022548","77,897","0.022157","85,018","-0.000455","[-0.001558, +0.000648]","-0.020170","[-6.9083%, +2.8743%]","0.418957","-","0.051378","-0.000902","-0.000023"
"dbd_avg_o2_dx_cost","Metric","N/A","","mean","4.194780","77,896","4.164307","85,017","-0.005556","[-0.040347, +0.029236]","-0.001324","[-0.9618%, +0.697%]","0.754295","-","0.051377","-0.000070","-0.000283"
"dbd_avg_o2_gov_1pc","Metric","N/A","","mean","20.407119","2,131","20.129515","2,121","-0.182676","[-1.133476, +0.768124]","-0.008952","[-5.5543%, +3.764%]","0.706496","-","0.046113","-0.000479","-0.008189"
"dbd_avg_o2_gov_3pc","Metric","N/A","","mean","19.058467","19,486","19.382431","19,465","0.319427","[+0.052854, +0.586]","0.016760","[+0.2773%, +3.0747%]","0.018846","Significant","0.046018","0.000852","0.014780"
"dbd_avg_o2_gov_alc","Metric","N/A","","mean","29.292991","4,350","29.270955","4,282","-0.314483","[-1.382146, +0.753181]","-0.010736","[-4.7184%, +2.5712%]","0.563729","-","0.058599","-0.000683","-0.018921"
"dbd_avg_o2_gov_flowers","Metric","N/A","","mean","58.262500","4","48.813333","9","-9.449167","[-39.978169, +21.079836]","-0.162183","[-68.6173%, +36.1808%]","0.544092","-","0.043761","-0.009719","-0.413508"
"dbd_avg_o2_gov_grocery","Metric","N/A","","mean","29.347607","9,463","28.499729","9,424","-0.828014","[-1.545529, -0.110498]","-0.028214","[-5.2663%, -0.3765%]","0.023710","Significant","0.056131","-0.001812","-0.047154"
"dbd_avg_o2_gov_nv","Metric","N/A","","mean","23.034250","32,675","22.990846","32,451","-0.055546","[-0.356231, +0.245139]","-0.002411","[-1.5465%, +1.0642%]","0.717303","-","0.049432","-0.000136","-0.002775"
"dbd_avg_o2_gov_pets","Metric","N/A","","mean","43.508065","289","38.786701","289","-4.794227","[-10.347305, +0.758851]","-0.110192","[-23.7825%, +1.7442%]","0.090622","-","0.051311","-0.006719","-0.261553"
"dbd_avg_o2_gov_rx","Metric","N/A","","mean","21.349337","54,392","20.741404","62,222","-0.524334","[-0.707015, -0.341653]","-0.024560","[-3.3116%, -1.6003%]","0.000000","Significant","0.052387","-0.001410","-0.027002"
"dbd_avg_o2_hqdr","Metric","N/A","","mean","0.925719","77,898","0.926166","85,018","0.000288","[-0.001709, +0.002285]","0.000311","[-0.1846%, +0.2468%]","0.777600","-","0.051378","0.000016","0.000015"
"dbd_avg_o2_mi","Metric","N/A","","mean","0.016495","76,570","0.016020","83,628","-0.000382","[-0.00137, +0.000606]","-0.023157","[-8.3064%, +3.6749%]","0.448662","-","0.051557","-0.001141","-0.000019"
"dbd_avg_o2_nd","Metric","N/A","","mean","0.006001","76,569","0.006182","83,628","0.000159","[-0.000418, +0.000736]","0.026495","[-6.9604%, +12.2594%]","0.588937","-","0.051556","0.001176","0.000008"
"dbd_avg_o2_package","Metric","N/A","","mean","0.643075","76,568","0.660750","83,628","0.016275","[+0.012028, +0.020523]","0.025309","[+1.8703%, +3.1915%]","0.000000","Significant","0.051556","0.001315","0.000831"
"dbd_avg_o2_sdb","Metric","N/A","","mean","0.633802","77,898","0.648594","85,018","0.013753","[+0.009557, +0.017949]","0.021700","[+1.5079%, +2.832%]","0.000000","Significant","0.051378","0.001122","0.000700"
"dbd_avg_o2_subtotal_1pc","Metric","N/A","","mean","14.716746","2,131","14.397354","2,121","-0.236630","[-1.052741, +0.57948]","-0.016079","[-7.1534%, +3.9376%]","0.569838","-","0.046113","-0.000868","-0.010608"
"dbd_avg_o2_subtotal_3pc","Metric","N/A","","mean","12.516743","19,487","12.751389","19,465","0.224420","[-0.005299, +0.454139]","0.017930","[-0.0423%, +3.6283%]","0.055524","-","0.046019","0.000910","0.010384"
"dbd_avg_o2_subtotal_alc","Metric","N/A","","mean","21.923187","4,350","21.958829","4,282","-0.236016","[-1.095597, +0.623565]","-0.010766","[-4.9974%, +2.8443%]","0.590474","-","0.058599","-0.000682","-0.014200"
"dbd_avg_o2_subtotal_flowers","Metric","N/A","","mean","45.472500","4","36.997778","9","-8.474722","[-30.850909, +13.901465]","-0.186370","[-67.8452%, +30.5711%]","0.457897","-","0.043761","-0.010710","-0.370865"
"dbd_avg_o2_subtotal_grocery","Metric","N/A","","mean","21.251074","9,463","20.663219","9,424","-0.554384","[-1.176084, +0.067317]","-0.026087","[-5.5342%, +0.3168%]","0.080509","-","0.056130","-0.001675","-0.031573"
"dbd_avg_o2_subtotal_nv","Metric","N/A","","mean","16.036001","32,676","16.015440","32,451","-0.035433","[-0.292022, +0.221156]","-0.002210","[-1.821%, +1.3791%]","0.786655","-","0.049432","-0.000125","-0.001770"
"dbd_avg_o2_subtotal_pets","Metric","N/A","","mean","33.233254","289","29.840824","289","-3.440806","[-8.117165, +1.235552]","-0.103535","[-24.4248%, +3.7178%]","0.149269","-","0.051311","-0.006263","-0.187716"
"dbd_avg_o2_subtotal_rx","Metric","N/A","","mean","14.403100","54,394","14.112732","62,223","-0.201822","[-0.348962, -0.054682]","-0.014012","[-2.4228%, -0.3797%]","0.007181","Significant","0.052388","-0.000807","-0.010394"
"dbd_avg_o2_vp_1pc","Metric","N/A","","mean","-10.762449","2,131","-11.256882","2,121","-0.487410","[-1.43824, +0.46342]","0.045288","[+13.3635%, -4.3059%]","0.315038","-","0.046113","0.001551","-0.021849"
"dbd_avg_o2_vp_3pc","Metric","N/A","","mean","-0.529254","19,486","-0.514303","19,465","0.019251","[-0.066486, +0.104988]","-0.036373","[+12.5623%, -19.8369%]","0.659884","-","0.046018","-0.001091","0.000891"
"dbd_avg_o2_vp_alc","Metric","N/A","","mean","0.051822","4,350","0.323046","4,282","0.296042","[+0.026714, +0.56537]","5.712669","[+51.5488%, +1,090.985%]","0.031212","Significant","0.058599","0.133626","0.017812"
"dbd_avg_o2_vp_flowers","Metric","N/A","","mean","4.005367","4","3.240609","9","-0.764759","[-3.746911, +2.217393]","-0.190934","[-93.5472%, +55.3605%]","0.615229","-","0.043761","-0.022268","-0.033467"
"dbd_avg_o2_vp_grocery","Metric","N/A","","mean","-2.486608","9,463","-2.494482","9,424","0.003611","[-0.190408, +0.19763]","-0.001452","[+7.6573%, -7.9478%]","0.970900","-","0.056131","-0.000077","0.000206"
"dbd_avg_o2_vp_nv","Metric","N/A","","mean","-1.529421","32,675","-1.506358","32,451","0.029618","[-0.07471, +0.133946]","-0.019366","[+4.8848%, -8.758%]","0.577919","-","0.049432","-0.000764","0.001480"
"dbd_avg_o2_vp_pets","Metric","N/A","","mean","0.335205","289","-0.257685","289","-0.586449","[-1.931151, +0.758254]","-1.749522","[-576.1104%, +226.2059%]","0.392675","-","0.051311","-0.799443","-0.031994"
"dbd_avg_o2_vp_rx","Metric","N/A","","mean","-0.343561","54,392","-0.414377","62,222","-0.105600","[-0.164906, -0.046294]","0.307368","[+47.9991%, +13.4746%]","0.000483","Significant","0.052387","0.008707","-0.005438"
"dbd_bottom_sheet_load_latency_ios","Metric","N/A","","mean","-","0","-","0","-","-","-","-","-","-","-","-","-"
"dbd_cx_retrial","Metric","N/A","","mean","-","0","-","0","-","-","-","-","-","-","-","-","-"
"dbd_existing_attach_rate_post_checkout","Metric","N/A","","mean","0.067534","265,400","0.067249","266,322","-0.000377","[-0.001373, +0.000618]","-0.005585","[-2.0325%, +0.9156%]","0.457751","-","0.040515","-0.000330","-0.000015"
"dbd_new_attach_rate_post_checkout","Metric","N/A","","mean","0.016187","312,288","0.015721","310,362","-0.000482","[-0.000864, -0.000099]","-0.029754","[-5.3374%, -0.6134%]","0.013550","Significant","0.035866","-0.001154","-0.000017"
"dbd_nv_o2_trials_per_cx","Metric","N/A","","mean","0.006225","834,824","0.005938","834,503","-0.000287","[-0.000526, -0.000048]","-0.046112","[-8.4541%, -0.7684%]","0.018681","Significant","0.040305","-0.001859","-0.000016"
"dbd_nv_trials_net_new_per_cx","Metric","N/A","","mean","-","0","-","0","-","-","-","-","-","-","-","-","-"
"dbd_nv_trials_per_cx","Metric","N/A","","mean","-","0","-","0","-","-","-","-","-","-","-","-","-"
"dbd_nv_trials_retrial_per_cx","Metric","N/A","","mean","-","0","-","0","-","-","-","-","-","-","-","-","-"
"dbd_o2_aov","Metric","N/A","","mean","22.474355","76,575","21.996720","83,633","-0.418605","[-0.586548, -0.250662]","-0.018626","[-2.6099%, -1.1153%]","0.000001","Significant","0.051456","-0.001059","-0.021322"
"dbd_o2_gmv","Metric","N/A","","mean","2.592247","1,225,247","2.742530","1,224,785","0.143226","[+0.105984, +0.180467]","0.055252","[+4.0885%, +6.9618%]","0.000000","Significant","0.055050","0.003042","0.100055"
"dbd_o2_subtotal","Metric","N/A","","mean","15.025648","76,575","14.766380","83,633","-0.192038","[-0.330078, -0.053999]","-0.012781","[-2.1968%, -0.3594%]","0.006398","Significant","0.051456","-0.000730","-0.009782"
"dbd_o2_trials_per_cx","Metric","N/A","","mean","0.017933","834,824","0.022666","834,503","0.004728","[+0.0043, +0.005156]","0.263644","[+23.9795%, +28.7494%]","0.000000","Significant","0.035314","0.009310","0.000269"
"dbd_o2_vp","Metric","N/A","","mean","-0.819369","76,575","-0.828839","83,633","-0.021785","[-0.07866, +0.035091]","0.026587","[+9.6001%, -4.2827%]","0.452825","-","0.051456","0.000961","-0.001110"
"dbd_o2_vp_per_cx","Metric","N/A","","mean","-0.094508","1,225,247","-0.103339","1,224,785","-0.008811","[-0.015833, -0.001788]","0.093227","[+16.7533%, +1.892%]","0.013932","Significant","0.034943","0.003258","-0.006155"
"dbd_o_2_trials_per_cx_post_checkout","Metric","N/A","","mean","0.016353","834,824","0.015763","834,503","-0.000594","[-0.000976, -0.000213]","-0.036344","[-5.966%, -1.3029%]","0.002249","Significant","0.039029","-0.001418","-0.000034"
"dbd_o_2_trials_per_cx_pre_checkout","Metric","N/A","","mean","0.001580","834,824","0.006904","834,503","0.005323","[+0.005126, +0.00552]","3.369166","[+324.4473%, +349.3858%]","0.000000","Significant","0.017789","0.059933","0.000303"
"dbd_order_frequency","Metric","N/A","","mean","-","0","-","0","-","-","-","-","-","-","-","-","-"
"dbd_order_frequency_14d","Metric","N/A","","mean","-","0","-","0","-","-","-","-","-","-","-","-","-"
"dbd_order_frequency_28d","Metric","N/A","","mean","-","0","-","0","-","-","-","-","-","-","-","-","-"
"dbd_order_frequency_7d","Metric","N/A","","mean","-","0","-","0","-","-","-","-","-","-","-","-","-"
"dbd_order_rate","Metric","N/A","","mean","0.115342","1,225,247","0.124679","1,224,785","0.008947","[+0.00745, +0.010444]","0.077569","[+6.4588%, +9.055%]","0.000000","Significant","0.049292","0.003824","0.006250"
"dbd_order_rate_14d","Metric","N/A","","mean","0.101461","806,824","0.110322","806,257","0.008362","[+0.006927, +0.009797]","0.082416","[+6.8272%, +9.656%]","0.000000","Significant","0.028527","0.002351","0.003846"
"dbd_order_rate_28d","Metric","N/A","","mean","0.320039","121,629","0.349558","121,588","0.025955","[+0.017351, +0.034559]","0.081099","[+5.4215%, +10.7983%]","0.000000","Significant","0.013559","0.001100","0.001800"
"dbd_order_rate_7d","Metric","N/A","","mean","0.055527","1,060,446","0.061249","1,059,820","0.005504","[+0.004719, +0.006289]","0.099126","[+8.4991%, +11.3261%]","0.000000","Significant","0.020517","0.002034","0.003328"
"dbd_pcc_load_latency_ios","Metric","N/A","","mean","-","0","-","0","-","-","-","-","-","-","-","-","-"
"dbd_post_checkout_order_rate","Metric","N/A","","mean","0.104482","1,225,247","0.104322","1,224,785","-0.000529","[-0.00191, +0.000852]","-0.005060","[-1.8277%, +0.8158%]","0.453085","-","0.055774","-0.000282","-0.000369"
"dbd_post_checkout_order_rate_14d","Metric","N/A","","mean","0.092308","806,824","0.092179","806,257","-0.000561","[-0.001876, +0.000754]","-0.006082","[-2.0327%, +0.8163%]","0.402708","-","0.032443","-0.000197","-0.000258"
"dbd_post_checkout_order_rate_7d","Metric","N/A","","mean","0.050531","1,060,446","0.050374","1,059,820","-0.000336","[-0.001057, +0.000385]","-0.006652","[-2.0915%, +0.7611%]","0.360690","-","0.023344","-0.000155","-0.000203"
"dbd_pre_checkout_order_rate","Metric","N/A","","mean","0.010865","1,225,247","0.020360","1,224,785","0.009476","[+0.00899, +0.009961]","0.872120","[+82.7419%, +91.6822%]","0.000000","Significant","0.023283","0.020305","0.006619"
"dbd_pre_checkout_order_rate_14d","Metric","N/A","","mean","0.009153","806,824","0.018143","806,257","0.008949","[+0.00843, +0.009468]","0.977690","[+92.1019%, +103.4361%]","0.000000","Significant","0.012864","0.012577","0.004116"
"dbd_pre_checkout_order_rate_7d","Metric","N/A","","mean","0.004996","1,060,446","0.010875","1,059,820","0.005860","[+0.005567, +0.006152]","1.172873","[+111.4353%, +123.1392%]","0.000000","Significant","0.009221","0.010816","0.003542"
"dbd_total_o2_gmv_1pc","Metric","N/A","","mean","0.048867","1,225,247","0.046594","1,224,785","-0.000861","[-0.005137, +0.003416]","-0.017610","[-10.5118%, +6.9897%]","0.693267","-","0.055100","-0.000970","-0.000071"
"dbd_total_o2_gmv_3pc","Metric","N/A","","mean","0.467624","1,225,247","0.477983","1,224,785","0.009094","[-0.004048, +0.022236]","0.019447","[-0.8657%, +4.7551%]","0.175031","-","0.050600","0.000984","0.000754"
"dbd_total_o2_gmv_alc","Metric","N/A","","mean","0.141008","1,225,247","0.142700","1,224,785","-0.000418","[-0.009117, +0.00828]","-0.002965","[-6.4653%, +5.8723%]","0.924943","-","0.062453","-0.000185","-0.000035"
"dbd_total_o2_gmv_flowers","Metric","N/A","","mean","0.000190","1,225,247","0.000359","1,224,785","0.000169","[-0.00016, +0.000497]","0.886408","[-83.8553%, +261.1369%]","0.313854","-","0.037742","0.033454","0.000014"
"dbd_total_o2_gmv_grocery","Metric","N/A","","mean","0.314711","1,225,247","0.309177","1,224,785","-0.003520","[-0.016349, +0.009309]","-0.011185","[-5.1949%, +2.958%]","0.590743","-","0.063412","-0.000709","-0.000292"
"dbd_total_o2_gmv_nv","Metric","N/A","","mean","0.991025","1,225,247","0.993904","1,224,785","0.003020","[-0.019106, +0.025147]","0.003048","[-1.9279%, +2.5375%]","0.789050","-","0.056024","0.000171","0.000251"
"dbd_total_o2_gmv_pets","Metric","N/A","","mean","0.011150","1,225,247","0.010609","1,224,785","-0.000553","[-0.002907, +0.0018]","-0.049607","[-26.0689%, +16.1476%]","0.645077","-","0.057340","-0.002844","-0.000046"
"dbd_total_o2_gmv_rx","Metric","N/A","","mean","1.600721","1,225,247","1.747817","1,224,785","0.140785","[+0.113129, +0.168441]","0.087951","[+7.0674%, +10.5228%]","0.000000","Significant","0.054694","0.004810","0.011676"
"dbd_total_o2_orders_1pc","Metric","N/A","","mean","0.002395","1,225,247","0.002315","1,224,785","-0.000077","[-0.000261, +0.000107]","-0.032120","[-10.8905%, +4.4666%]","0.412295","-","0.046215","-0.001484","-0.000006"
"dbd_total_o2_orders_3pc","Metric","N/A","","mean","0.024538","1,225,247","0.024661","1,224,785","0.000141","[-0.000515, +0.000798]","0.005758","[-2.1004%, +3.252%]","0.673243","-","0.046036","0.000265","0.000012"
"dbd_total_o2_orders_alc","Metric","N/A","","mean","0.004814","1,225,247","0.004875","1,224,785","0.000064","[-0.000203, +0.00033]","0.013192","[-4.2177%, +6.856%]","0.640529","-","0.059025","0.000779","0.000005"
"dbd_total_o2_orders_flowers","Metric","N/A","","mean","0.000003","1,225,247","0.000007","1,224,785","0.000004","[-0.000002, +0.00001]","1.334065","[-53.2622%, +320.0751%]","0.161296","-","0.025157","0.000000","0.000000"
"dbd_total_o2_orders_grocery","Metric","N/A","","mean","0.010724","1,225,247","0.010849","1,224,785","0.000135","[-0.000248, +0.000518]","0.012588","[-2.3135%, +4.8311%]","0.489788","-","0.056232","0.000708","0.000011"
"dbd_total_o2_orders_nv","Metric","N/A","","mean","0.043026","1,225,247","0.043231","1,224,785","0.000248","[-0.000633, +0.00113]","0.005775","[-1.4705%, +2.6256%]","0.580472","-","0.049586","0.000286","0.000021"
"dbd_total_o2_orders_pets","Metric","N/A","","mean","0.000256","1,225,247","0.000274","1,224,785","0.000018","[-0.000028, +0.000065]","0.071044","[-11.0887%, +25.2975%]","0.444051","-","0.051251","0.003641","0.000002"
"dbd_total_o2_orders_rx","Metric","N/A","","mean","0.074980","1,225,247","0.084269","1,224,785","0.009235","[+0.007984, +0.010485]","0.123160","[+10.6487%, +13.9832%]","0.000000","Significant","0.049035","0.006039","0.000766"
"doubledash_active_user","Metric","N/A","","mean","-","0","-","0","-","-","-","-","-","-","-","-","-"
"doubledash_l_28_d_mau","Metric","N/A","","mean","-","0","-","0","-","-","-","-","-","-","-","-","-"
"doubledash_l_28_d_post_checkout_mau","Metric","N/A","","mean","-","0","-","0","-","-","-","-","-","-","-","-","-"
"doubledash_l_28_d_pre_checkout_mau","Metric","N/A","","mean","-","0","-","0","-","-","-","-","-","-","-","-","-"
"doubledash_post_checkout_active_user","Metric","N/A","","mean","-","0","-","0","-","-","-","-","-","-","-","-","-"
"doubledash_post_checkout_wau","Metric","N/A","","mean","-","0","-","0","-","-","-","-","-","-","-","-","-"
"doubledash_pre_checkout_active_user","Metric","N/A","","mean","-","0","-","0","-","-","-","-","-","-","-","-","-"
"doubledash_pre_checkout_wau","Metric","N/A","","mean","-","0","-","0","-","-","-","-","-","-","-","-","-"
"doubledash_wau","Metric","N/A","","mean","-","0","-","0","-","-","-","-","-","-","-","-","-"
"dp_paid_pause_cancel","Metric","N/A","","mean","0.037855","278,326","0.038399","278,105","0.000540","[-0.000492, +0.001571]","0.014258","[-1.2992%, +4.1509%]","0.305118","-","0.015885","0.000227","0.000016"
"dsmp_perc_mx_trialers","Metric","N/A","","mean","-","0","-","0","-","-","-","-","-","-","-","-","-"
"dsmp_visit_rate","Metric","N/A","","mean","3.204311","1,225,247","3.217356","1,224,785","0.008033","[-0.000563, +0.016628]","0.002507","[-0.0176%, +0.5189%]","0.067008","-","","",""
"dsmp_visit_rate_14d","Metric","N/A","","mean","2.779640","806,824","2.790184","806,257","0.004562","[-0.002424, +0.011549]","0.001641","[-0.0872%, +0.4155%]","0.200598","-","","",""
"dsmp_visit_rate_7d","Metric","N/A","","mean","1.361908","1,060,446","1.365839","1,059,820","0.002025","[-0.001515, +0.005566]","0.001487","[-0.1113%, +0.4087%]","0.262231","-","","",""
"first_contact_resolution_rate","Metric","N/A","","mean","0.807533","48,458","0.804926","48,258","-0.003366","[-0.010388, +0.003656]","-0.004168","[-1.2864%, +0.4528%]","0.347499","-","0.022079","-0.000090","-0.000075"
"gov_per_order_curie","Metric","N/A","","mean","-","0","-","0","-","-","-","-","-","-","-","-","-"
"hp_session_long_term_relevance_v_2","Metric","N/A","","mean","-","0","-","0","-","-","-","-","-","-","-","-","-"
"hqdr_ratio","Metric","N/A","","mean","0.924752","852,870","0.924710","852,412","-0.000114","[-0.000586, +0.000358]","-0.000123","[-0.0633%, +0.0387%]","0.636252","-","0.052644","-0.000007","-0.000006"
"nv_fco_all","Metric","N/A","","mean","10.758516","164,401","10.682956","164,255","-0.076008","[-0.170882, +0.018866]","-0.007065","[-1.5883%, +0.1754%]","0.116365","-","0.044490","-0.000324","-0.003411"
"nv_hqfr","Metric","N/A","","mean","0.832859","116,718","0.833030","117,032","0.000071","[-0.002321, +0.002464]","0.000086","[-0.2787%, +0.2958%]","0.953473","-","0.044292","0.000004","0.000003"
"nv_mau","Metric","N/A","","mean","0.145036","1,225,247","0.145091","1,224,785","-0.000292","[-0.001059, +0.000475]","-0.002013","[-0.7303%, +0.3278%]","0.455939","-","0.033317","-0.000067","-0.000060"
"o1_aov","Metric","N/A","","mean","41.706603","848,853","41.613677","848,308","-0.071650","[-0.180436, +0.037136]","-0.001718","[-0.4326%, +0.089%]","0.196737","-","0.052424","-0.000102","-0.003777"
"o1_gmv","Metric","N/A","","mean","133.335224","1,225,247","133.792783","1,224,785","0.524378","[+0.042026, +1.006731]","0.003933","[+0.0315%, +0.755%]","0.033112","Significant","0.059059","0.000232","0.042188"
"o1_nv_order_rate_14d","Metric","N/A","","mean","0.249794","806,824","0.253113","806,257","0.003008","[+0.000492, +0.005524]","0.012043","[+0.1969%, +2.2116%]","0.019122","Significant","0.024905","0.000300","0.000150"
"o1_nv_order_rate_7d","Metric","N/A","","mean","0.140157","1,060,446","0.141125","1,059,820","0.001076","[-0.000282, +0.002434]","0.007676","[-0.2015%, +1.7366%]","0.120545","-","0.018366","0.000141","0.000071"
"o1_order_rate_14d","Metric","N/A","","mean","2.877075","806,824","2.893610","806,257","0.010973","[+0.002897, +0.019049]","0.003814","[+0.1007%, +0.6621%]","0.007747","Significant","0.031064","0.000118","0.000547"
"o1_order_rate_7d","Metric","N/A","","mean","1.645689","1,060,446","1.651833","1,059,820","0.004686","[+0.000491, +0.00888]","0.002847","[+0.0298%, +0.5396%]","0.028574","Significant","0.023354","0.000066","0.000307"
"o1_order_rate_non_bundle_14d","Metric","N/A","","mean","2.774935","806,824","2.782800","806,257","0.003228","[-0.004644, +0.0111]","0.001163","[-0.1673%, +0.4%]","0.421529","-","0.031175","0.000036","0.000161"
"o1_order_rate_non_bundle_28d","Metric","N/A","","mean","8.019732","121,629","8.102831","121,588","0.027341","[-0.019219, +0.073901]","0.003409","[-0.2396%, +0.9215%]","0.249758","-","0.013585","0.000046","0.000206"
"o1_order_rate_non_bundle_7d","Metric","N/A","","mean","1.589749","1,060,446","1.590332","1,059,820","-0.000481","[-0.004591, +0.003628]","-0.000303","[-0.2888%, +0.2282%]","0.818434","-","0.023475","-0.000007","-0.000032"
"o1_subtotal","Metric","N/A","","mean","30.085819","848,853","30.005484","848,308","-0.063290","[-0.149875, +0.023295]","-0.002104","[-0.4982%, +0.0774%]","0.151955","-","0.052424","-0.000125","-0.003337"
"o1_vp","Metric","N/A","","mean","3.572541","848,853","3.559724","848,308","-0.006133","[-0.029488, +0.017223]","-0.001717","[-0.8254%, +0.4821%]","0.606790","-","0.052424","-0.000112","-0.000323"
"o1_vp_per_cx","Metric","N/A","","mean","11.421346","1,225,247","11.444924","1,224,785","0.040193","[-0.039019, +0.119405]","0.003519","[-0.3416%, +1.0455%]","0.319972","-","0.065133","0.000229","0.003234"
"o_1_order_rate_non_bundle","Metric","N/A","","mean","3.080946","1,225,247","3.089989","1,224,785","0.007356","[-0.002119, +0.016831]","0.002388","[-0.0688%, +0.5463%]","0.128079","-","0.052574","0.000126","0.000557"
"o_1_rx_order_rate","Metric","N/A","","mean","2.905063","1,225,247","2.920564","1,224,785","0.012609","[+0.003596, +0.021623]","0.004341","[+0.1238%, +0.7443%]","0.006107","Significant","0.053686","0.000233","0.001003"
"order_frequency_per_entity_7d","Metric","N/A","","mean","-","0","-","0","-","-","-","-","-","-","-","-","-"
"order_inflation_rate","Metric","N/A","","mean","-","0","-","0","-","-","-","-","-","-","-","-","-"
"order_rate_per_entity_7d","Metric","N/A","","mean","-","0","-","0","-","-","-","-","-","-","-","-","-"
"ox_asap_order","Metric","N/A","","mean","0.948117","847,499","0.948459","846,976","0.000238","[-0.000279, +0.000754]","0.000251","[-0.0294%, +0.0795%]","0.366961","-","0.051907","0.000013","0.000012"
"ox_distinct_item_count","Metric","N/A","","mean","2.790982","847,499","2.780204","846,976","-0.008705","[-0.015147, -0.002263]","-0.003119","[-0.5427%, -0.0811%]","0.008082","Significant","0.056909","-0.000186","-0.000499"
"ox_ent_delivery_rate","Metric","N/A","","mean","0.499316","847,499","0.499146","846,976","-0.000056","[-0.001376, +0.001264]","-0.000112","[-0.2755%, +0.2531%]","0.933579","-","0.051907","-0.000005","-0.000003"
"ox_gift_order","Metric","N/A","","mean","0.006777","847,499","0.006770","846,976","-0.000005","[-0.000324, +0.000314]","-0.000711","[-4.782%, +4.6398%]","0.976398","-","0.051907","0.000000","0.000000"
"ox_gov","Metric","N/A","","mean","40.744980","847,499","40.550113","846,976","-0.157347","[-0.273701, -0.040992]","-0.003862","[-0.6717%, -0.1006%]","0.008038","Significant","0.056909","-0.000246","-0.009027"
"ox_high_rating_delivery_rate","Metric","N/A","","mean","0.400117","847,499","0.400456","846,976","0.000284","[-0.001014, +0.001582]","0.000710","[-0.2534%, +0.3953%]","0.667966","-","0.051907","0.000044","0.000015"
"ox_scheduled_order","Metric","N/A","","mean","0.051882","847,499","0.051541","846,976","-0.000341","[-0.000916, +0.000233]","-0.006579","[-1.7651%, +0.4493%]","0.244183","-","0.051907","-0.000497","-0.000018"
"ox_subtotal","Metric","N/A","","mean","29.410886","847,499","29.250902","846,976","-0.128401","[-0.221492, -0.03531]","-0.004366","[-0.7531%, -0.1201%]","0.006864","Significant","0.056909","-0.000279","-0.007367"
"ox_subtotal_combined","Metric","N/A","","mean","30.100494","537,809","30.013515","538,683","-0.050341","[-0.141196, +0.040514]","-0.001672","[-0.4691%, +0.1346%]","0.277492","-","0.041225","-0.000076","-0.002086"
"ox_total_item_count","Metric","N/A","","mean","3.513022","847,499","3.496048","846,976","-0.015188","[-0.026513, -0.003864]","-0.004323","[-0.7547%, -0.11%]","0.008569","Significant","0.056909","-0.000259","-0.000871"
"smb_rx_filtered_core_volume","Metric","N/A","","mean","-","0","-","0","-","-","-","-","-","-","-","-","-"
"variable_profit_per_order","Metric","N/A","","mean","-","0","-","0","-","-","-","-","-","-","-","-","-"
"vol_from_over_25","Metric","N/A","","mean","-","0","-","0","-","-","-","-","-","-","-","-","-"