"Metric Name","Type","Parent Metric","Experiment Group","Aggregate Func","control Value","control Exposure Volume","config_no_dsml Value","config_no_dsml Exposure Volume","config_no_dsml Absolute Impact","config_no_dsml Absolute Impact Confidence Interval","config_no_dsml Relative Impact","config_no_dsml Relative Impact Confidence Interval","config_no_dsml P Value","config_no_dsml Significance","config_no_dsml Coverage","config_no_dsml Relative Global Lift","config_no_dsml Absolute Global Lift"
"account_or_system_push_opt_out","Metric","N/A","","mean","0.004101","11,804,106","0.004115","11,804,307","0.000014","[-0.000038, +0.000065]","0.003381","[-0.9201%, +1.5963%]","0.598443","-","","",""
"active_share_7d","Metric","N/A","","mean","-","0","-","0","-","-","-","-","-","-","-","-","-"
"ads_promotion_promotion_cx_discount","Metric","N/A","","mean","-","0","-","0","-","-","-","-","-","-","-","-","-"
"ads_revenue","Metric","N/A","","mean","0.837858","11,406,460","0.836566","11,407,416","-0.001575","[-0.004941, +0.001791]","-0.001880","[-0.5897%, +0.2137%]","0.359094","-","0.670744","-0.001261","-0.001164"
"ad_product_NULL","Dimension","ads_revenue","","mean","0.008177","11,804,106","0.008144","11,804,307","-0.000029","[-0.000104, +0.000047]","-0.003485","[-1.2694%, +0.5725%]","0.458342","-","0.005808","-0.000020","-0.000020"
"ad_product_bn","Dimension","ads_revenue","","mean","0.116218","11,804,106","0.117675","11,804,307","0.000759","[-0.002799, +0.004317]","0.006532","[-2.4083%, +3.7146%]","0.675824","-","0.082547","0.000539","0.000529"
"ad_product_pm","Dimension","ads_revenue","","mean","0.194853","11,804,106","0.194663","11,804,307","-0.000094","[-0.000524, +0.000337]","-0.000480","[-0.2692%, +0.1732%]","0.670528","-","0.138399","-0.000066","-0.000065"
"ad_product_sb","Dimension","ads_revenue","","mean","0.012795","11,804,106","0.012950","11,804,307","0.000085","[-0.000072, +0.000242]","0.006654","[-0.5619%, +1.8927%]","0.287967","-","0.009088","0.000060","0.000059"
"ad_product_sl","Dimension","ads_revenue","","mean","0.592618","11,804,106","0.591777","11,804,307","-0.000551","[-0.00217, +0.001068]","-0.000930","[-0.3662%, +0.1803%]","0.504886","-","0.420922","-0.000391","-0.000384"
"ad_product_sp","Dimension","ads_revenue","","mean","0.057817","11,804,106","0.058115","11,804,307","0.000302","[-0.000177, +0.00078]","0.005215","[-0.3068%, +1.3497%]","0.217193","-","0.041066","0.000214","0.000210"
"avg_dat_mins","Metric","N/A","","mean","1192.472495","11,023,447","1192.700228","11,022,681","0.203998","[-0.165061, +0.573056]","0.000171","[-0.0138%, +0.0481%]","0.278642","-","0.818950","0.000141","0.167064"
"chex_ct_cancel_order","Metric","N/A","","mean","-","0","-","0","-","-","-","-","-","-","-","-","-"
"chex_ct_cart_page_conversion","Metric","N/A","","mean","-","0","-","0","-","-","-","-","-","-","-","-","-"
"chex_ct_cart_page_conversion_deliveries","Metric","N/A","","mean","-","0","-","0","-","-","-","-","-","-","-","-","-"
"chex_ct_checkout_page_load","Metric","N/A","","mean","-","0","-","0","-","-","-","-","-","-","-","-","-"
"chex_ct_place_order","Metric","N/A","","mean","-","0","-","0","-","-","-","-","-","-","-","-","-"
"cng_new_cx_trials_per_cx_nc","Metric","N/A","","mean","0.020275","11,804,106","0.020384","11,804,307","0.000111","[-0.000002, +0.000225]","0.005495","[-0.0113%, +1.1104%]","0.054813","-","0.654594","0.003597","0.000495"
"cng_order_penetration_3p","Metric","N/A","","mean","0.100193","11,804,106","0.100844","11,804,307","0.000652","[+0.00042, +0.000883]","0.006503","[+0.4189%, +0.8817%]","0.000000","Significant","0.964173","0.006270","0.001999"
"cng_order_penetration_nc","Metric","N/A","","mean","0.203002","11,804,106","0.203702","11,804,307","0.000640","[+0.000342, +0.000939]","0.003154","[+0.1682%, +0.4625%]","0.000027","Significant","0.963890","0.003040","0.002845"
"cng_order_rate_nc","Metric","N/A","","mean","0.374335","11,804,106","0.376321","11,804,307","0.001708","[+0.001009, +0.002407]","0.004564","[+0.2697%, +0.6431%]","0.000002","Significant","0.955181","0.004359","0.007592"
"consumer_mto","Metric","N/A","","mean","0.045536","11,804,106","0.045731","11,804,307","0.000186","[-0.000124, +0.000496]","0.004084","[-0.2734%, +1.0901%]","0.240383","-","0.762391","0.003113","0.003386"
"consumer_order_frequency_l_28_d","Metric","N/A","","mean","6.047647","11,804,106","6.046228","11,804,307","-0.001504","[-0.006566, +0.003559]","-0.000249","[-0.1086%, +0.0588%]","0.560450","-","0.610269","-0.000147","-0.000918"
"consumers_mau","Metric","N/A","","mean","0.972635","11,804,106","0.972763","11,804,307","0.000139","[+0.000009, +0.000269]","0.000143","[+0.0009%, +0.0276%]","0.036121","Significant","0.610269","0.000087","0.000045"
"cx_app_quality_action_load_latency_android","Metric","N/A","","mean","0.007547","2,064,679","0.007542","2,066,240","-0.000004","[-0.000093, +0.000084]","-0.000595","[-1.2366%, +1.1176%]","0.921053","-","0.683579","-0.000380","-0.000003"
"action_dimension_cx_add_payment_method","Dimension","cx_app_quality_action_load_latency_android","","mean","0.847826","179","0.784616","191","-0.062131","[-0.141364, +0.017102]","-0.073282","[-16.6737%, +2.0172%]","0.124316","-","0.000006","0.000000","0.000000"
"action_dimension_cx_add_to_cart","Dimension","cx_app_quality_action_load_latency_android","","mean","0.005939","1,324,559","0.005929","1,325,258","-0.000009","[-0.000101, +0.000084]","-0.001445","[-1.6967%, +1.4077%]","0.855214","-","0.365521","-0.000389","-0.000003"
"action_dimension_cx_create_address","Dimension","cx_app_quality_action_load_latency_android","","mean","0.120000","49","0.058824","34","-0.061176","[-0.182717, +0.060364]","-0.509800","[-152.2637%, +50.3037%]","0.323875","-","0.000001","0.000000","0.000000"
"action_dimension_cx_delete_cart","Dimension","cx_app_quality_action_load_latency_android","","mean","0.022901","718,850","0.022905","719,156","0.000000","[-0.000402, +0.000401]","-0.000014","[-1.7545%, +1.7517%]","0.998717","-","0.079784","0.000000","0.000000"
"action_dimension_cx_place_order","Dimension","cx_app_quality_action_load_latency_android","","mean","0.004623","2,026,223","0.004615","2,027,970","-0.000009","[-0.000114, +0.000096]","-0.001932","[-2.46%, +2.0735%]","0.867301","-","0.173878","-0.000192","-0.000002"
"action_dimension_cx_set_address","Dimension","cx_app_quality_action_load_latency_android","","mean","0.243983","1,132","0.271812","1,125","0.027748","[-0.008781, +0.064278]","0.113731","[-3.5991%, +26.3453%]","0.136535","-","0.000035","0.000000","0.000000"
"action_dimension_cx_set_payment_method","Dimension","cx_app_quality_action_load_latency_android","","mean","0.159111","1,784","0.161148","1,803","0.001295","[-0.021984, +0.024573]","0.008136","[-13.817%, +15.4442%]","0.913207","-","0.000065","0.000000","0.000000"
"action_dimension_cx_update_cart","Dimension","cx_app_quality_action_load_latency_android","","mean","0.005184","646,781","0.005190","646,331","0.000008","[-0.000202, +0.000218]","0.001495","[-3.9043%, +4.2033%]","0.942373","-","0.064259","0.000000","0.000000"
"cx_app_quality_action_load_latency_ios","Metric","N/A","","mean","0.009311","8,593,552","0.009315","8,590,531","0.000008","[-0.000035, +0.000052]","0.000880","[-0.379%, +0.555%]","0.711942","-","0.650191","0.000541","0.000005"
"action_dimension_cx_add_payment_method","Dimension","cx_app_quality_action_load_latency_ios","","mean","0.008212","245,304","0.008420","244,746","0.000209","[-0.000279, +0.000696]","0.025406","[-3.3992%, +8.4805%]","0.401846","-","0.002183","0.000000","0.000000"
"action_dimension_cx_add_to_cart","Dimension","cx_app_quality_action_load_latency_ios","","mean","0.012210","4,753,440","0.012187","4,748,883","-0.000023","[-0.000092, +0.000045]","-0.001919","[-0.7511%, +0.3674%]","0.501302","-","0.310983","-0.000740","-0.000007"
"action_dimension_cx_create_address","Dimension","cx_app_quality_action_load_latency_ios","","mean","0.016750","424,863","0.016825","425,197","0.000075","[-0.000449, +0.000599]","0.004472","[-2.6822%, +3.5766%]","0.779409","-","0.003747","0.000000","0.000000"
"action_dimension_cx_delete_cart","Dimension","cx_app_quality_action_load_latency_ios","","mean","0.004810","2,678,652","0.004778","2,678,512","-0.000032","[-0.000117, +0.000053]","-0.006608","[-2.4265%, +1.1049%]","0.463236","-","0.070528","-0.000228","-0.000002"
"action_dimension_cx_place_order","Dimension","cx_app_quality_action_load_latency_ios","","mean","0.001928","7,783,687","0.001939","7,780,182","0.000011","[-0.000026, +0.000048]","0.005815","[-1.325%, +2.488%]","0.549963","-","0.146609","0.000167","0.000002"
"action_dimension_cx_set_address","Dimension","cx_app_quality_action_load_latency_ios","","mean","0.014562","900,164","0.014817","898,358","0.000255","[-0.000149, +0.000659]","0.017515","[-1.0242%, +4.5272%]","0.216173","-","0.012369","0.000320","0.000003"
"action_dimension_cx_set_payment_method","Dimension","cx_app_quality_action_load_latency_ios","","mean","0.011861","947,720","0.012064","946,699","0.000204","[-0.000034, +0.000442]","0.017174","[-0.2881%, +3.723%]","0.093264","-","0.015606","0.000323","0.000003"
"action_dimension_cx_update_cart","Dimension","cx_app_quality_action_load_latency_ios","","mean","0.014628","2,340,281","0.014654","2,339,930","0.000026","[-0.000133, +0.000185]","0.001762","[-0.9098%, +1.2622%]","0.750473","-","0.058116","0.000152","0.000002"
"cx_app_quality_action_load_latency_web","Metric","N/A","","mean","0.033880","455,605","0.034272","456,649","0.000397","[-0.000428, +0.001222]","0.011710","[-1.2645%, +3.6064%]","0.346019","-","0.689307","0.006272","0.000274"
"action_dimension_cx_add_payment_method","Dimension","cx_app_quality_action_load_latency_web","","mean","0.036879","19,427","0.037698","19,156","0.000810","[-0.003247, +0.004866]","0.021954","[-8.8036%, +13.1945%]","0.695643","-","0.015024","0.000277","0.000012"
"action_dimension_cx_add_to_cart","Dimension","cx_app_quality_action_load_latency_web","","mean","0.059701","1,065","0.064445","1,090","0.004478","[-0.011891, +0.020847]","0.075008","[-19.9181%, +34.9196%]","0.591839","-","0.001518","0.000146","0.000006"
"action_dimension_cx_delete_cart","Dimension","cx_app_quality_action_load_latency_web","","mean","0.017094","702","0.020775","696","0.003571","[-0.013432, +0.020573]","0.208889","[-78.5768%, +120.3545%]","0.680623","-","0.000820","0.000076","0.000003"
"action_dimension_cx_place_order","Dimension","cx_app_quality_action_load_latency_web","","mean","0.033592","452,389","0.033910","453,614","0.000312","[-0.000518, +0.001143]","0.009296","[-1.5428%, +3.402%]","0.461162","-","0.670130","0.004800","0.000210"
"action_dimension_cx_set_payment_method","Dimension","cx_app_quality_action_load_latency_web","","mean","0.000000","13","0.000000","12","0.000000","[0, 0]","","[]","1.000000","-","0.000008","0.000000","0.000000"
"action_dimension_cx_update_cart","Dimension","cx_app_quality_action_load_latency_web","","mean","0.099145","1,042","0.121934","1,076","0.022839","[-0.002766, +0.048444]","0.230357","[-2.7899%, +48.8613%]","0.080424","-","0.001902","0.000954","0.000042"
"cx_app_quality_crash_android","Metric","N/A","","mean","0.000082","2,223,632","0.000083","2,225,574","0.000001","[-0.000004, +0.000005]","0.007873","[-4.6407%, +6.2154%]","0.776190","-","0.653851","0.000000","0.000000"
"page_dimension_cx_checkout_page","Dimension","cx_app_quality_crash_android","","mean","0.000087","1,587,356","0.000080","1,588,067","-0.000007","[-0.00002, +0.000006]","-0.079332","[-22.997%, +7.1306%]","0.301982","-","0.056003","0.000000","0.000000"
"page_dimension_cx_explore_page","Dimension","cx_app_quality_crash_android","","mean","0.000073","1,865,002","0.000074","1,867,280","0.000001","[-0.000008, +0.000009]","0.006935","[-11.2798%, +12.6668%]","0.909614","-","0.138942","0.000000","0.000000"
"page_dimension_cx_item_page","Dimension","cx_app_quality_crash_android","","mean","0.000004","1,370,101","0.000006","1,371,167","0.000002","[-0.000004, +0.000009]","0.601686","[-99.659%, +219.9963%]","0.460607","-","0.125222","0.000000","0.000000"
"page_dimension_cx_order_cart_page","Dimension","cx_app_quality_crash_android","","mean","0.000494","1,356,547","0.000515","1,356,577","0.000021","[-0.000009, +0.000051]","0.042456","[-1.8077%, +10.2989%]","0.169241","-","0.062871","0.012918","0.000001"
"page_dimension_cx_post_checkout_page","Dimension","cx_app_quality_crash_android","","mean","0.000000","2,177,934","0.000001","2,180,106","0.000001","[0, +0.000001]","","[]","0.036889","Significant","0.102916","0.000000","0.000000"
"page_dimension_cx_search_result_page","Dimension","cx_app_quality_crash_android","","mean","0.000055","664,031","0.000046","664,873","-0.000008","[-0.000023, +0.000007]","-0.148887","[-42.123%, +12.3456%]","0.283948","-","0.013267","0.000000","0.000000"
"page_dimension_cx_store_page","Dimension","cx_app_quality_crash_android","","mean","0.000000","1,500,608","0.000000","1,502,178","0.000000","[0, 0]","-0.003420","[-226.244%, +225.56%]","0.997633","-","0.090006","0.000000","0.000000"
"cx_app_quality_crash_ios","Metric","N/A","","mean","0.000018","9,262,961","0.000018","9,260,755","0.000000","[-0.000001, +0.000001]","0.009666","[-2.9615%, +4.8947%]","0.629597","-","0.645321","0.000000","0.000000"
"page_dimension_cx_checkout_page","Dimension","cx_app_quality_crash_ios","","mean","0.000053","3,101,432","0.000052","3,102,546","-0.000001","[-0.000006, +0.000005]","-0.011179","[-11.2422%, +9.0063%]","0.828659","-","0.023312","0.000000","0.000000"
"page_dimension_cx_explore_page","Dimension","cx_app_quality_crash_ios","","mean","0.000008","8,581,543","0.000007","8,578,199","-0.000001","[-0.000001, 0]","-0.077015","[-17.2449%, +1.842%]","0.113724","-","0.206061","0.000000","0.000000"
"page_dimension_cx_item_page","Dimension","cx_app_quality_crash_ios","","mean","0.000020","5,719,830","0.000020","5,715,944","0.000001","[-0.000001, +0.000002]","0.026942","[-5.5869%, +10.9753%]","0.523701","-","0.108589","0.000000","0.000000"
"page_dimension_cx_order_cart_page","Dimension","cx_app_quality_crash_ios","","mean","0.000015","5,291,382","0.000014","5,289,325","-0.000001","[-0.000003, +0.000001]","-0.062928","[-20.8848%, +8.2991%]","0.397976","-","0.043558","0.000000","0.000000"
"page_dimension_cx_post_checkout_page","Dimension","cx_app_quality_crash_ios","","mean","0.000002","9,116,280","0.000002","9,114,704","0.000000","[-0.000001, 0]","-0.072354","[-33.8624%, +19.3915%]","0.594319","-","0.079492","0.000000","0.000000"
"page_dimension_cx_search_result_page","Dimension","cx_app_quality_crash_ios","","mean","0.000013","3,227,151","0.000016","3,222,419","0.000003","[0, +0.000006]","0.222867","[-2.6908%, +47.2642%]","0.080322","-","0.016658","0.000000","0.000000"
"page_dimension_cx_store_page","Dimension","cx_app_quality_crash_ios","","mean","0.000035","6,742,079","0.000037","6,738,723","0.000002","[-0.000001, +0.000004]","0.049941","[-1.8475%, +11.8356%]","0.152515","-","0.115486","0.000000","0.000000"
"cx_app_quality_crash_web","Metric","N/A","","mean","0.000804","444,827","0.000872","446,304","0.000068","[-0.00001, +0.000147]","0.084741","[-1.2937%, +18.2419%]","0.089060","-","0.460975","0.032513","0.000031"
"page_dimension_cx_checkout_page","Dimension","cx_app_quality_crash_web","","mean","0.002392","288,777","0.002513","290,258","0.000121","[-0.000185, +0.000427]","0.050589","[-7.7246%, +17.8423%]","0.437966","-","0.095679","0.011894","0.000012"
"page_dimension_cx_explore_page","Dimension","cx_app_quality_crash_web","","mean","0.000149","325,419","0.000176","326,821","0.000027","[-0.000014, +0.000067]","0.178147","[-9.2807%, +44.91%]","0.197525","-","0.122325","0.003346","0.000003"
"page_dimension_cx_item_page","Dimension","cx_app_quality_crash_web","","mean","0.000000","118,756","0.000000","119,257","0.000000","[0, 0]","","[]","1.000000","-","0.023799","0.000000","0.000000"
"page_dimension_cx_post_checkout_page","Dimension","cx_app_quality_crash_web","","mean","0.000215","176,404","0.000189","176,902","-0.000026","[-0.000111, +0.00006]","-0.119513","[-51.7463%, +27.8436%]","0.556115","-","0.046601","-0.001240","-0.000001"
"page_dimension_cx_search_result_page","Dimension","cx_app_quality_crash_web","","mean","0.000520","61,366","0.000325","61,938","-0.000195","[-0.000451, +0.000061]","-0.374944","[-86.7057%, +11.7169%]","0.135356","-","0.013630","-0.002725","-0.000003"
"page_dimension_cx_store_page","Dimension","cx_app_quality_crash_web","","mean","0.000196","259,104","0.000251","259,786","0.000055","[-0.000011, +0.000122]","0.281496","[-5.8592%, +62.1584%]","0.104741","-","0.115482","0.006529","0.000006"
"cx_app_quality_hitch_android","Metric","N/A","","mean","0.077726","2,193,851","0.078234","2,196,430","0.000251","[-0.000062, +0.000563]","0.003227","[-0.0796%, +0.725%]","0.115874","-","0.682440","0.002219","0.000171"
"page_dimension_cx_checkout_page","Dimension","cx_app_quality_hitch_android","","mean","0.032439","1,897,943","0.032896","1,900,185","0.000421","[+0.00001, +0.000832]","0.012983","[+0.0319%, +2.5648%]","0.044498","Significant","0.042236","0.000232","0.000018"
"page_dimension_cx_explore_page","Dimension","cx_app_quality_hitch_android","","mean","0.138508","1,663,112","0.139205","1,665,330","0.000466","[-0.000126, +0.001058]","0.003363","[-0.0908%, +0.7635%]","0.122764","-","0.105782","0.000643","0.000049"
"page_dimension_cx_item_page","Dimension","cx_app_quality_hitch_android","","mean","0.045514","1,193,699","0.046450","1,194,429","0.000762","[+0.000307, +0.001216]","0.016737","[+0.675%, +2.6723%]","0.001021","Significant","0.096657","0.000961","0.000074"
"page_dimension_cx_order_cart_page","Dimension","cx_app_quality_hitch_android","","mean","0.107921","1,286,200","0.109366","1,286,907","0.001217","[+0.000403, +0.002032]","0.011278","[+0.3732%, +1.8825%]","0.003400","Significant","0.060302","0.000958","0.000074"
"page_dimension_cx_post_checkout_page","Dimension","cx_app_quality_hitch_android","","mean","0.056250","1,960,641","0.056528","1,963,283","0.000216","[-0.00007, +0.000501]","0.003833","[-0.1236%, +0.8903%]","0.138321","-","0.152961","0.000430","0.000033"
"page_dimension_cx_search_result_page","Dimension","cx_app_quality_hitch_android","","mean","0.053845","862,225","0.054134","862,897","0.000296","[-0.000256, +0.000848]","0.005499","[-0.4759%, +1.5756%]","0.293394","-","0.024474","0.000095","0.000007"
"page_dimension_cx_store_page","Dimension","cx_app_quality_hitch_android","","mean","0.086460","1,416,561","0.087073","1,418,006","0.000547","[+0.0001, +0.000993]","0.006323","[+0.1158%, +1.1488%]","0.016415","Significant","0.142125","0.001014","0.000078"
"cx_app_quality_hitch_ios","Metric","N/A","","mean","0.197826","8,334,434","0.197881","8,330,915","0.000046","[-0.000161, +0.000254]","0.000235","[-0.0812%, +0.1282%]","0.659889","-","0.615071","0.000149","0.000029"
"cx_app_quality_homepage_backend_latency","Metric","N/A","","mean","-","0","-","0","-","-","-","-","-","-","-","-","-"
"cx_app_quality_homepage_backend_slo_burn","Metric","N/A","","mean","-","0","-","0","-","-","-","-","-","-","-","-","-"
"cx_app_quality_inp_web","Metric","N/A","","mean","0.177434","532,163","0.177636","534,143","0.000386","[-0.000897, +0.001669]","0.002176","[-0.5054%, +0.9406%]","0.555212","-","0.511725","0.000975","0.000198"
"page_dimension_cx_checkout_page","Dimension","cx_app_quality_inp_web","","mean","0.162193","435,091","0.160980","436,867","-0.000965","[-0.002634, +0.000705]","-0.005947","[-1.6238%, +0.4344%]","0.257393","-","0.112146","-0.000534","-0.000108"
"page_dimension_cx_explore_page","Dimension","cx_app_quality_inp_web","","mean","0.183964","361,707","0.184949","364,042","0.001376","[-0.000258, +0.003009]","0.007477","[-0.1402%, +1.6356%]","0.098836","-","0.129577","0.000881","0.000178"
"page_dimension_cx_post_checkout_page","Dimension","cx_app_quality_inp_web","","mean","0.120374","258,198","0.119551","259,173","-0.000821","[-0.002795, +0.001154]","-0.006819","[-2.3223%, +0.9584%]","0.415197","-","0.060805","-0.000247","-0.000050"
"page_dimension_cx_search_result_page","Dimension","cx_app_quality_inp_web","","mean","0.234959","93,633","0.238176","94,311","0.003177","[-0.000635, +0.006988]","0.013521","[-0.2701%, +2.9742%]","0.102336","-","0.018523","0.000290","0.000059"
"page_dimension_cx_store_page","Dimension","cx_app_quality_inp_web","","mean","0.176554","318,662","0.177939","319,702","0.001763","[+0.000022, +0.003504]","0.009985","[+0.0122%, +1.9847%]","0.047227","Significant","0.142683","0.001239","0.000251"
"cx_app_quality_page_action_error_android","Metric","N/A","","mean","0.001634","2,033,209","0.001667","2,035,257","0.000032","[-0.000018, +0.000082]","0.019708","[-1.0975%, +5.0391%]","0.208071","-","0.705903","0.013956","0.000023"
"action_dimension_cx_add_payment_method","Dimension","cx_app_quality_page_action_error_android","","mean","0.000000","13","0.000000","23","0.000000","[0, 0]","","[]","1.000000","-","0.000001","0.000000","0.000000"
"action_dimension_cx_add_to_cart","Dimension","cx_app_quality_page_action_error_android","","mean","0.001629","1,300,251","0.001693","1,301,057","0.000064","[+0.000008, +0.000119]","0.039020","[+0.4777%, +7.3262%]","0.025522","Significant","0.375217","0.014651","0.000024"
"action_dimension_cx_create_address","Dimension","cx_app_quality_page_action_error_android","","mean","0.000000","217","0.000000","179","0.000000","[0, 0]","","[]","1.000000","-","0.000006","0.000000","0.000000"
"action_dimension_cx_delete_cart","Dimension","cx_app_quality_page_action_error_android","","mean","0.000414","712,620","0.000410","713,516","-0.000004","[-0.00006, +0.000052]","-0.008912","[-14.3934%, +12.6109%]","0.897063","-","0.081283","0.000000","0.000000"
"action_dimension_cx_place_order","Dimension","cx_app_quality_page_action_error_android","","mean","0.002216","2,019,922","0.002227","2,022,034","0.000011","[-0.000119, +0.000142]","0.005152","[-5.3824%, +6.4128%]","0.864050","-","0.210619","0.001476","0.000002"
"action_dimension_cx_set_address","Dimension","cx_app_quality_page_action_error_android","","mean","0.000000","434","0.000000","411","0.000000","[0, 0]","","[]","1.000000","-","0.000015","0.000000","0.000000"
"action_dimension_cx_set_payment_method","Dimension","cx_app_quality_page_action_error_android","","mean","0.000000","950","0.000768","929","0.000768","[-0.000735, +0.002272]","","[]","0.316520","-","0.000036","0.000000","0.000000"
"action_dimension_cx_update_cart","Dimension","cx_app_quality_page_action_error_android","","mean","0.001089","522,439","0.001010","522,257","-0.000079","[-0.000194, +0.000036]","-0.072523","[-17.8331%, +3.3286%]","0.179146","-","0.038696","-0.001883","-0.000003"
"cx_app_quality_page_action_error_ios","Metric","N/A","","mean","0.004670","8,645,280","0.004678","8,642,444","0.000008","[-0.000022, +0.000038]","0.001687","[-0.4778%, +0.8151%]","0.609088","-","0.662839","0.001241","0.000005"
"cx_app_quality_page_action_error_web","Metric","N/A","","mean","0.001014","536,000","0.000996","537,055","-0.000017","[-0.000091, +0.000057]","-0.016667","[-8.9361%, +5.6028%]","0.653172","-","0.447746","-0.004591","-0.000008"
"action_dimension_cx_add_payment_method","Dimension","cx_app_quality_page_action_error_web","","mean","0.000756","23,726","0.000767","23,527","0.000012","[-0.000441, +0.000465]","0.015879","[-58.4262%, +61.602%]","0.958641","-","0.003151","0.000000","0.000000"
"action_dimension_cx_add_to_cart","Dimension","cx_app_quality_page_action_error_web","","mean","0.000773","322,552","0.000801","323,162","0.000030","[-0.000061, +0.00012]","0.038186","[-7.9328%, +15.5701%]","0.524193","-","0.242855","0.004346","0.000007"
"action_dimension_cx_create_address","Dimension","cx_app_quality_page_action_error_web","","mean","0.002184","15,020","0.002037","15,100","-0.000223","[-0.00242, +0.001974]","-0.102061","[-110.7995%, +90.3873%]","0.842376","-","0.002020","0.000000","0.000000"
"action_dimension_cx_delete_cart","Dimension","cx_app_quality_page_action_error_web","","mean","0.000545","126,808","0.000665","126,464","0.000118","[-0.000105, +0.000342]","0.216903","[-19.282%, +62.6626%]","0.299464","-","0.034319","0.002471","0.000004"
"action_dimension_cx_place_order","Dimension","cx_app_quality_page_action_error_web","","mean","0.000615","505,407","0.000612","506,154","-0.000004","[-0.000089, +0.000082]","-0.005693","[-14.5252%, +13.3867%]","0.936279","-","0.119492","0.000000","0.000000"
"action_dimension_cx_set_address","Dimension","cx_app_quality_page_action_error_web","","mean","0.003255","78,671","0.002733","78,902","-0.000523","[-0.001191, +0.000144]","-0.160783","[-36.5911%, +4.4345%]","0.124477","-","0.012562","-0.004005","-0.000007"
"action_dimension_cx_set_payment_method","Dimension","cx_app_quality_page_action_error_web","","mean","0.002248","46,093","0.001934","46,339","-0.000314","[-0.000887, +0.000259]","-0.139506","[-39.4373%, +11.5362%]","0.283352","-","0.007763","-0.001492","-0.000002"
"action_dimension_cx_update_cart","Dimension","cx_app_quality_page_action_error_web","","mean","0.004265","110,153","0.003886","110,651","-0.000376","[-0.000968, +0.000216]","-0.088183","[-22.699%, +5.0623%]","0.213072","-","0.025549","-0.005840","-0.000010"
"cx_app_quality_page_load_error_android","Metric","N/A","","mean","0.003091","2,223,639","0.003081","2,225,789","-0.000010","[-0.000033, +0.000013]","-0.003203","[-1.0652%, +0.4245%]","0.399254","-","0.692346","-0.002350","-0.000007"
"page_dimension_cx_checkout_page","Dimension","cx_app_quality_page_load_error_android","","mean","0.005118","1,506,195","0.005086","1,507,189","-0.000032","[-0.000156, +0.000092]","-0.006247","[-3.039%, +1.7896%]","0.612065","-","0.047104","-0.000524","-0.000002"
"page_dimension_cx_explore_page","Dimension","cx_app_quality_page_load_error_android","","mean","0.003858","1,774,402","0.003852","1,777,034","-0.000006","[-0.000072, +0.000059]","-0.001582","[-1.8538%, +1.5375%]","0.854953","-","0.114563","0.000000","0.000000"
"page_dimension_cx_item_page","Dimension","cx_app_quality_page_load_error_android","","mean","0.001103","1,289,952","0.001099","1,291,195","-0.000004","[-0.000043, +0.000036]","-0.003364","[-3.8919%, +3.219%]","0.852866","-","0.097344","0.000000","0.000000"
"page_dimension_cx_order_cart_page","Dimension","cx_app_quality_page_load_error_android","","mean","0.013457","1,273,374","0.013425","1,273,608","-0.000032","[-0.000156, +0.000092]","-0.002371","[-1.1595%, +0.6853%]","0.614395","-","0.080122","-0.000892","-0.000003"
"page_dimension_cx_post_checkout_page","Dimension","cx_app_quality_page_load_error_android","","mean","0.000349","2,087,247","0.000346","2,089,724","-0.000003","[-0.000019, +0.000013]","-0.008545","[-5.5361%, +3.8272%]","0.720559","-","0.200230","0.000000","0.000000"
"page_dimension_cx_search_result_page","Dimension","cx_app_quality_page_load_error_android","","mean","0.002529","599,784","0.002519","600,964","-0.000010","[-0.000182, +0.000161]","-0.004096","[-7.1915%, +6.3723%]","0.905773","-","0.010007","0.000000","0.000000"
"page_dimension_cx_store_page","Dimension","cx_app_quality_page_load_error_android","","mean","0.000838","1,462,938","0.000830","1,464,704","-0.000008","[-0.000033, +0.000017]","-0.009467","[-3.9686%, +2.0751%]","0.539180","-","0.120508","0.000000","0.000000"
"cx_app_quality_page_load_error_ios","Metric","N/A","","mean","0.000512","9,151,466","0.000507","9,149,508","-0.000005","[-0.000012, +0.000002]","-0.010081","[-2.3858%, +0.3697%]","0.151570","-","0.632522","-0.006754","-0.000003"
"page_dimension_cx_checkout_page","Dimension","cx_app_quality_page_load_error_ios","","mean","0.000632","6,038,439","0.000630","6,034,652","-0.000002","[-0.000023, +0.000019]","-0.003279","[-3.6633%, +3.0076%]","0.847231","-","0.053808","0.000000","0.000000"
"page_dimension_cx_explore_page","Dimension","cx_app_quality_page_load_error_ios","","mean","0.000160","8,620,006","0.000157","8,616,220","-0.000003","[-0.000008, +0.000002]","-0.018151","[-4.9654%, +1.3353%]","0.258809","-","0.221275","0.000000","0.000000"
"page_dimension_cx_item_page","Dimension","cx_app_quality_page_load_error_ios","","mean","0.000939","5,871,720","0.000938","5,866,748","-0.000002","[-0.000017, +0.000014]","-0.001712","[-1.8086%, +1.4663%]","0.837655","-","0.101300","0.000000","0.000000"
"page_dimension_cx_order_cart_page","Dimension","cx_app_quality_page_load_error_ios","","mean","0.000558","6,922,600","0.000547","6,921,105","-0.000011","[-0.000028, +0.000006]","-0.019416","[-5.0461%, +1.1628%]","0.220261","-","0.090228","0.000000","0.000000"
"page_dimension_cx_post_checkout_page","Dimension","cx_app_quality_page_load_error_ios","","mean","0.002108","5,597,226","0.002087","5,590,471","-0.000021","[-0.000093, +0.000052]","-0.009870","[-4.4322%, +2.4582%]","0.574452","-","0.043038","0.000000","0.000000"
"page_dimension_cx_search_result_page","Dimension","cx_app_quality_page_load_error_ios","","mean","0.000886","3,352,980","0.000862","3,347,290","-0.000024","[-0.000074, +0.000025]","-0.027478","[-8.3219%, +2.8263%]","0.333952","-","0.015572","0.000000","0.000000"
"page_dimension_cx_store_page","Dimension","cx_app_quality_page_load_error_ios","","mean","0.000041","6,858,181","0.000040","6,854,019","-0.000001","[-0.000004, +0.000001]","-0.025155","[-8.5753%, +3.5442%]","0.415857","-","0.107278","0.000000","0.000000"
"cx_app_quality_page_load_error_web","Metric","N/A","","mean","0.000462","652,962","0.001178","654,041","0.000715","[-0.000663, +0.002093]","1.549353","[-143.67%, +453.5407%]","0.309176","-","0.375209","0.340987","0.000269"
"page_dimension_cx_checkout_page","Dimension","cx_app_quality_page_load_error_web","","mean","0.002133","333,635","0.002204","334,383","0.000071","[-0.000177, +0.000319]","0.033174","[-8.3163%, +14.9511%]","0.576238","-","0.038667","0.003477","0.000003"
"page_dimension_cx_explore_page","Dimension","cx_app_quality_page_load_error_web","","mean","0.000126","473,038","0.000132","474,773","0.000007","[-0.000026, +0.000039]","0.052301","[-20.8671%, +31.3274%]","0.694472","-","0.081542","0.000000","0.000000"
"page_dimension_cx_item_page","Dimension","cx_app_quality_page_load_error_web","","mean","0.000730","314,401","0.000718","315,704","-0.000013","[-0.000102, +0.000076]","-0.017741","[-14.0107%, +10.4625%]","0.776283","-","0.085175","-0.001394","-0.000001"
"page_dimension_cx_post_checkout_page","Dimension","cx_app_quality_page_load_error_web","","mean","0.000092","539,589","0.003595","540,023","0.003501","[-0.003307, +0.010309]","38.234399","[-3,611.874%, +11,258.7537%]","0.313519","-","0.075193","0.337233","0.000266"
"page_dimension_cx_search_result_page","Dimension","cx_app_quality_page_load_error_web","","mean","0.000271","125,373","0.000180","125,897","-0.000092","[-0.0002, +0.000016]","-0.338534","[-73.6561%, +5.9493%]","0.095512","-","0.011780","-0.001373","-0.000001"
"page_dimension_cx_store_page","Dimension","cx_app_quality_page_load_error_web","","mean","0.000100","386,078","0.000129","387,057","0.000029","[-0.000003, +0.000062]","0.293012","[-2.9116%, +61.514%]","0.074617","-","0.083001","0.003092","0.000002"
"cx_app_quality_page_load_latency_android","Metric","N/A","","mean","0.031533","2,223,632","0.031578","2,225,574","0.000017","[-0.000163, +0.000198]","0.000548","[-0.5179%, +0.6275%]","0.851232","-","0.653851","0.000358","0.000011"
"cx_app_quality_page_load_latency_ios","Metric","N/A","","mean","0.035377","9,262,961","0.035421","9,260,755","0.000050","[-0.000017, +0.000116]","0.001401","[-0.0478%, +0.328%]","0.143900","-","0.645321","0.000882","0.000032"
"page_dimension_cx_checkout_page","Dimension","cx_app_quality_page_load_latency_ios","","mean","0.014315","3,101,432","0.014299","3,102,546","-0.000016","[-0.00015, +0.000118]","-0.001121","[-1.0476%, +0.8233%]","0.814241","-","0.023312","0.000000","0.000000"
"page_dimension_cx_explore_page","Dimension","cx_app_quality_page_load_latency_ios","","mean","0.049744","8,581,543","0.049750","8,578,199","0.000009","[-0.000088, +0.000106]","0.000187","[-0.1766%, +0.214%]","0.851219","-","0.206061","0.000053","0.000002"
"page_dimension_cx_item_page","Dimension","cx_app_quality_page_load_latency_ios","","mean","0.027934","5,719,830","0.027979","5,715,944","0.000051","[-0.000051, +0.000152]","0.001815","[-0.1812%, +0.5442%]","0.326733","-","0.108589","0.000152","0.000005"
"page_dimension_cx_order_cart_page","Dimension","cx_app_quality_page_load_latency_ios","","mean","0.030276","5,291,382","0.030360","5,289,325","0.000086","[-0.000056, +0.000229]","0.002855","[-0.1847%, +0.7557%]","0.233964","-","0.043558","0.000104","0.000004"
"page_dimension_cx_post_checkout_page","Dimension","cx_app_quality_page_load_latency_ios","","mean","0.016889","9,116,280","0.016893","9,114,704","0.000004","[-0.000064, +0.000072]","0.000238","[-0.3802%, +0.4278%]","0.908128","-","0.079492","0.000000","0.000000"
"page_dimension_cx_search_result_page","Dimension","cx_app_quality_page_load_latency_ios","","mean","0.015043","3,227,151","0.015059","3,222,419","0.000016","[-0.000112, +0.000143]","0.001060","[-0.7414%, +0.9535%]","0.806317","-","0.016658","0.000000","0.000000"
"page_dimension_cx_store_page","Dimension","cx_app_quality_page_load_latency_ios","","mean","0.012398","6,742,079","0.012379","6,738,723","-0.000017","[-0.000074, +0.000041]","-0.001346","[-0.5981%, +0.3288%]","0.569064","-","0.115486","-0.000053","-0.000002"
"cx_app_quality_page_load_latency_web","Metric","N/A","","mean","0.057396","444,827","0.057492","446,304","0.000101","[-0.000657, +0.000859]","0.001758","[-1.1452%, +1.4969%]","0.794204","-","0.460975","0.000667","0.000047"
"page_dimension_cx_checkout_page","Dimension","cx_app_quality_page_load_latency_web","","mean","0.034972","288,777","0.035344","290,258","0.000367","[-0.000542, +0.001276]","0.010490","[-1.5497%, +3.6478%]","0.428844","-","0.095679","0.000503","0.000035"
"page_dimension_cx_explore_page","Dimension","cx_app_quality_page_load_latency_web","","mean","0.100777","325,419","0.100971","326,821","0.000203","[-0.000981, +0.001387]","0.002015","[-0.9733%, +1.3764%]","0.736709","-","0.122325","0.000356","0.000025"
"page_dimension_cx_item_page","Dimension","cx_app_quality_page_load_latency_web","","mean","0.043239","118,756","0.044380","119,257","0.001132","[-0.000256, +0.00252]","0.026180","[-0.5913%, +5.8273%]","0.109857","-","0.023799","0.000384","0.000027"
"page_dimension_cx_post_checkout_page","Dimension","cx_app_quality_page_load_latency_web","","mean","0.008994","176,404","0.009356","176,902","0.000367","[-0.000093, +0.000826]","0.040760","[-1.034%, +9.186%]","0.117969","-","0.046601","0.000247","0.000017"
"page_dimension_cx_search_result_page","Dimension","cx_app_quality_page_load_latency_web","","mean","0.087211","61,366","0.084357","61,938","-0.002867","[-0.005758, +0.000024]","-0.032879","[-6.6027%, +0.027%]","0.051896","-","0.013630","-0.000559","-0.000039"
"page_dimension_cx_store_page","Dimension","cx_app_quality_page_load_latency_web","","mean","0.031987","259,104","0.031652","259,786","-0.000346","[-0.001166, +0.000474]","-0.010827","[-3.6458%, +1.4804%]","0.407722","-","0.115482","-0.000572","-0.000040"
"cx_app_quality_single_metric_android","Metric","N/A","","mean","0.115518","2,223,704","0.116188","2,225,838","0.000305","[-0.000099, +0.000709]","0.002640","[-0.086%, +0.614%]","0.139308","-","0.691519","0.001798","0.000211"
"cx_app_quality_single_metric_ios","Metric","N/A","","mean","0.090303","9,235,920","0.090335","9,234,025","0.000087","[-0.000005, +0.000179]","0.000961","[-0.0055%, +0.1977%]","0.063664","-","0.637692","0.000604","0.000055"
"cx_app_quality_single_metric_web","Metric","N/A","","mean","0.155114","678,158","0.156232","679,633","0.001406","[-0.000013, +0.002826]","0.009067","[-0.0085%, +1.8219%]","0.052155","-","0.394201","0.003614","0.000555"
"cx_app_quality_tbt_web","Metric","N/A","","mean","0.169741","632,567","0.170206","633,726","0.000500","[-0.000924, +0.001924]","0.002945","[-0.5445%, +1.1336%]","0.491462","-","0.390636","0.001055","0.000196"
"page_dimension_cx_checkout_page","Dimension","cx_app_quality_tbt_web","","mean","0.070230","353,262","0.070381","354,435","0.000369","[-0.001118, +0.001857]","0.005261","[-1.5915%, +2.6437%]","0.626318","-","0.052995","0.000106","0.000020"
"page_dimension_cx_explore_page","Dimension","cx_app_quality_tbt_web","","mean","0.148582","455,755","0.148928","457,521","0.000808","[-0.000866, +0.002481]","0.005435","[-0.5827%, +1.6697%]","0.344186","-","0.096918","0.000423","0.000078"
"page_dimension_cx_post_checkout_page","Dimension","cx_app_quality_tbt_web","","mean","0.328807","504,838","0.327635","504,978","-0.001564","[-0.004285, +0.001158]","-0.004756","[-1.3033%, +0.3521%]","0.260081","-","0.085733","-0.000728","-0.000135"
"page_dimension_cx_search_result_page","Dimension","cx_app_quality_tbt_web","","mean","0.132333","123,851","0.134278","124,373","0.001981","[-0.00143, +0.005391]","0.014968","[-1.0803%, +4.0738%]","0.254974","-","0.015274","0.000163","0.000030"
"page_dimension_cx_store_page","Dimension","cx_app_quality_tbt_web","","mean","0.112741","388,826","0.114133","389,759","0.001726","[-0.000066, +0.003518]","0.015309","[-0.0586%, +3.1204%]","0.059063","-","0.104192","0.000969","0.000180"
"dashpass_paid_balance","Metric","N/A","","mean","0.365518","11,804,106","0.365258","11,804,307","-0.000074","[-0.000245, +0.000096]","-0.000204","[-0.067%, +0.0262%]","0.391524","-","0.568275","-0.000116","-0.000054"
"dashpass_signup","Metric","N/A","","mean","0.029275","11,804,106","0.029195","11,804,307","-0.000080","[-0.000218, +0.000058]","-0.002734","[-0.7438%, +0.197%]","0.254595","-","0.624259","-0.001707","-0.001501"
"dbd_attach_rate_post_checkout","Metric","N/A","","mean","0.036142","10,363,661","0.036619","10,362,249","0.000479","[+0.000354, +0.000604]","0.013252","[+0.9805%, +1.6699%]","0.000000","Significant","0.949902","0.012630","0.000455"
"dbd_attach_rate_pre_and_post","Metric","N/A","","mean","0.042430","11,022,503","0.042865","11,021,245","0.000445","[+0.000311, +0.000579]","0.010488","[+0.734%, +1.3636%]","0.000000","Significant","0.941512","0.009952","0.000419"
"dbd_attach_rate_pre_checkout","Metric","N/A","","mean","0.010954","11,022,503","0.010966","11,021,245","0.000015","[-0.000062, +0.000093]","0.001415","[-0.5688%, +0.8517%]","0.696265","-","0.940736","0.001332","0.000015"
"dbd_avg_o2_20_late","Metric","N/A","","mean","0.032962","955,515","0.032726","963,544","-0.000234","[-0.000675, +0.000206]","-0.007112","[-2.0467%, +0.6243%]","0.296601","-","0.950346","-0.006772","-0.000223"
"dbd_user_type_new_dbd","Dimension","dbd_avg_o2_20_late","","mean","0.029518","168,970","0.029158","169,150","-0.000360","[-0.001494, +0.000774]","-0.012205","[-5.0622%, +2.6211%]","0.533478","-","0.124260","-0.001362","-0.000045"
"dbd_user_type_returning_dbd","Dimension","dbd_avg_o2_20_late","","mean","0.033482","796,426","0.033261","804,328","-0.000219","[-0.000695, +0.000258]","-0.006526","[-2.0761%, +0.7709%]","0.368918","-","0.826268","-0.005488","-0.000181"
"dbd_delivery_platform_android","Dimension","dbd_avg_o2_20_late","","mean","0.030571","199,531","0.029862","202,947","-0.000706","[-0.001614, +0.000203]","-0.023092","[-5.2811%, +0.6626%]","0.127771","-","0.205148","-0.004404","-0.000145"
"dbd_delivery_platform_desktop","Dimension","dbd_avg_o2_20_late","","mean","0.031098","30,380","0.031842","30,523","0.000742","[-0.001699, +0.003184]","0.023871","[-5.4647%, +10.239%]","0.551261","-","0.029448","0.000669","0.000022"
"dbd_delivery_platform_ios","Dimension","dbd_avg_o2_20_late","","mean","0.033719","729,323","0.033608","733,738","-0.000110","[-0.000624, +0.000404]","-0.003277","[-1.852%, +1.1967%]","0.673553","-","0.714063","-0.002399","-0.000079"
"dbd_bundle_type_post_checkout","Dimension","dbd_avg_o2_20_late","","mean","0.030247","791,102","0.030264","799,948","0.000018","[-0.000456, +0.000492]","0.000599","[-1.5079%, +1.6277%]","0.940317","-","0.748924","0.000412","0.000014"
"dbd_bundle_type_pre_checkout","Dimension","dbd_avg_o2_20_late","","mean","0.042989","210,561","0.041926","210,037","-0.001069","[-0.002156, +0.000019]","-0.024866","[-5.0164%, +0.0432%]","0.054043","-","0.201401","-0.006558","-0.000216"
"dbd_avg_o2_cancellations","Metric","N/A","","mean","0.022964","974,217","0.023257","982,573","0.000291","[-0.000076, +0.000659]","0.012682","[-0.3323%, +2.8688%]","0.120407","-","0.950263","0.012030","0.000277"
"dbd_bundle_type_post_checkout","Dimension","dbd_avg_o2_cancellations","","mean","0.023593","807,696","0.024080","816,970","0.000486","[+0.000069, +0.000903]","0.020589","[+0.2915%, +3.8264%]","0.022421","Significant","0.749447","0.015827","0.000364"
"dbd_bundle_type_pre_checkout","Dimension","dbd_avg_o2_cancellations","","mean","0.020632","214,300","0.020168","213,652","-0.000467","[-0.001235, +0.0003]","-0.022642","[-5.9837%, +1.4553%]","0.232828","-","0.200793","-0.004086","-0.000094"
"dbd_user_type_new_dbd","Dimension","dbd_avg_o2_cancellations","","mean","0.030885","173,981","0.031059","174,237","0.000174","[-0.000975, +0.001324]","0.005637","[-3.1583%, +4.2856%]","0.766603","-","0.125288","0.000949","0.000022"
"dbd_user_type_returning_dbd","Dimension","dbd_avg_o2_cancellations","","mean","0.021756","810,374","0.022077","818,513","0.000318","[-0.000068, +0.000703]","0.014611","[-0.3107%, +3.2328%]","0.106033","-","0.825155","0.011402","0.000262"
"dbd_delivery_platform_android","Dimension","dbd_avg_o2_cancellations","","mean","0.022017","203,220","0.022936","206,857","0.000914","[+0.000134, +0.001694]","0.041505","[+0.6069%, +7.6941%]","0.021696","Significant","0.205015","0.008147","0.000187"
"dbd_delivery_platform_desktop","Dimension","dbd_avg_o2_cancellations","","mean","0.020087","30,943","0.022483","31,192","0.002384","[+0.000384, +0.004384]","0.118682","[+1.913%, +21.8235%]","0.019461","Significant","0.029417","0.003064","0.000070"
"dbd_delivery_platform_ios","Dimension","dbd_avg_o2_cancellations","","mean","0.023348","743,883","0.023382","748,303","0.000033","[-0.000393, +0.000459]","0.001413","[-1.6846%, +1.9672%]","0.879461","-","0.714146","0.001024","0.000024"
"dbd_avg_o2_dx_cost","Metric","N/A","","mean","4.133009","974,228","4.151263","982,600","0.017942","[+0.009747, +0.026137]","0.004341","[+0.2358%, +0.6324%]","0.000018","Significant","0.950264","0.004128","0.017050"
"dbd_bundle_type_post_checkout","Dimension","dbd_avg_o2_dx_cost","","mean","4.085870","807,712","4.107348","817,000","0.020617","[+0.011744, +0.029491]","0.005046","[+0.2874%, +0.7218%]","0.000005","Significant","0.749454","0.003742","0.015454"
"dbd_bundle_type_pre_checkout","Dimension","dbd_avg_o2_dx_cost","","mean","4.307694","214,298","4.316028","213,650","0.010314","[-0.007553, +0.028182]","0.002394","[-0.1753%, +0.6542%]","0.257859","-","0.200787","0.000503","0.002075"
"dbd_delivery_platform_android","Dimension","dbd_avg_o2_dx_cost","","mean","3.907778","203,215","3.938370","206,854","0.030916","[+0.013749, +0.048083]","0.007911","[+0.3518%, +1.2304%]","0.000416","Significant","0.205010","0.001535","0.006341"
"dbd_delivery_platform_desktop","Dimension","dbd_avg_o2_dx_cost","","mean","4.188851","30,938","4.223562","31,191","0.031984","[-0.018383, +0.082351]","0.007636","[-0.4389%, +1.966%]","0.213273","-","0.029414","0.000229","0.000946"
"dbd_delivery_platform_ios","Dimension","dbd_avg_o2_dx_cost","","mean","4.194779","743,904","4.209910","748,335","0.014779","[+0.005371, +0.024187]","0.003523","[+0.128%, +0.5766%]","0.002078","Significant","0.714154","0.002556","0.010557"
"dbd_user_type_new_dbd","Dimension","dbd_avg_o2_dx_cost","","mean","3.802571","173,975","3.792309","174,238","-0.010232","[-0.028036, +0.007573]","-0.002691","[-0.7373%, +0.1992%]","0.260038","-","0.125283","-0.000311","-0.001283"
"dbd_user_type_returning_dbd","Dimension","dbd_avg_o2_dx_cost","","mean","4.183395","810,392","4.205556","818,541","0.022427","[+0.013374, +0.031481]","0.005361","[+0.3197%, +0.7525%]","0.000001","Significant","0.825160","0.004481","0.018508"
"dbd_avg_o2_gov_1pc","Metric","N/A","","mean","17.637315","27,749","17.615628","28,346","-0.011908","[-0.237518, +0.213702]","-0.000675","[-1.3467%, +1.2116%]","0.917605","-","0.953321","-0.000645","-0.011355"
"dbd_avg_o2_gov_3pc","Metric","N/A","","mean","16.773042","236,571","16.836390","245,412","0.062228","[-0.005812, +0.130267]","0.003710","[-0.0346%, +0.7766%]","0.073044","-","0.952627","0.003538","0.059289"
"dbd_avg_o2_gov_alc","Metric","N/A","","mean","28.070014","39,870","28.280783","39,557","0.217019","[-0.108279, +0.542318]","0.007731","[-0.3857%, +1.932%]","0.191020","-","0.945718","0.007333","0.205326"
"dbd_avg_o2_gov_flowers","Metric","N/A","","mean","38.981333","75","35.507325","58","-3.474008","[-12.92576, +5.977744]","-0.089120","[-33.1588%, +15.3349%]","0.471286","-","0.927666","-0.083913","-3.230507"
"dbd_avg_o2_gov_grocery","Metric","N/A","","mean","25.904288","104,520","26.203384","109,582","0.288740","[+0.083287, +0.494194]","0.011146","[+0.3215%, +1.9078%]","0.005878","Significant","0.952565","0.010630","0.275114"
"dbd_avg_o2_gov_nv","Metric","N/A","","mean","20.315662","392,520","20.428727","405,899","0.112608","[+0.033462, +0.191753]","0.005543","[+0.1647%, +0.9439%]","0.005293","Significant","0.952001","0.005283","0.107228"
"dbd_avg_o2_gov_pets","Metric","N/A","","mean","40.544815","2,629","39.176777","2,666","-1.461048","[-3.207025, +0.284929]","-0.036035","[-7.9098%, +0.7028%]","0.100981","-","0.956565","-0.034624","-1.397582"
"dbd_avg_o2_gov_rx","Metric","N/A","","mean","19.320100","651,218","19.303677","647,498","-0.016539","[-0.05995, +0.026872]","-0.000856","[-0.3103%, +0.1391%]","0.455224","-","0.949242","-0.000814","-0.015698"
"dbd_avg_o2_hqdr","Metric","N/A","","mean","0.922313","974,254","0.921826","982,621","-0.000494","[-0.001155, +0.000166]","-0.000536","[-0.1252%, +0.018%]","0.142146","-","0.950265","-0.000509","-0.000470"
"dbd_bundle_type_post_checkout","Dimension","dbd_avg_o2_hqdr","","mean","0.923949","807,736","0.922892","817,020","-0.001059","[-0.001792, -0.000327]","-0.001147","[-0.1939%, -0.0354%]","0.004590","Significant","0.749459","-0.000861","-0.000794"
"dbd_bundle_type_pre_checkout","Dimension","dbd_avg_o2_hqdr","","mean","0.916251","214,300","0.917826","213,652","0.001573","[+0.000084, +0.003061]","0.001717","[+0.0092%, +0.3341%]","0.038366","Significant","0.200783","0.000343","0.000316"
"dbd_user_type_new_dbd","Dimension","dbd_avg_o2_hqdr","","mean","0.921463","173,987","0.921507","174,247","0.000041","[-0.001743, +0.001824]","0.000044","[-0.1891%, +0.1979%]","0.964436","-","0.125287","0.000006","0.000005"
"dbd_user_type_returning_dbd","Dimension","dbd_avg_o2_hqdr","","mean","0.922443","810,406","0.921875","818,553","-0.000582","[-0.001292, +0.000128]","-0.000631","[-0.1401%, +0.0139%]","0.108230","-","0.825157","-0.000521","-0.000480"
"dbd_delivery_platform_android","Dimension","dbd_avg_o2_hqdr","","mean","0.925170","203,225","0.924613","206,860","-0.000592","[-0.001988, +0.000805]","-0.000639","[-0.2149%, +0.087%]","0.406461","-","0.205014","-0.000132","-0.000121"
"dbd_delivery_platform_desktop","Dimension","dbd_avg_o2_hqdr","","mean","0.931955","30,944","0.927841","31,193","-0.004107","[-0.007666, -0.000548]","-0.004407","[-0.8225%, -0.0588%]","0.023725","Significant","0.029417","-0.000132","-0.000121"
"dbd_delivery_platform_ios","Dimension","dbd_avg_o2_hqdr","","mean","0.921104","743,914","0.920745","748,348","-0.000363","[-0.001129, +0.000404]","-0.000394","[-0.1226%, +0.0438%]","0.353433","-","0.714148","-0.000281","-0.000259"
"dbd_avg_o2_mi","Metric","N/A","","mean","0.015623","955,551","0.016030","963,592","0.000410","[+0.000099, +0.000721]","0.026229","[+0.6331%, +4.6126%]","0.009778","Significant","0.950347","0.024982","0.000389"
"dbd_user_type_new_dbd","Dimension","dbd_avg_o2_mi","","mean","0.011459","168,976","0.011677","169,160","0.000218","[-0.0005, +0.000936]","0.019039","[-4.3643%, +8.1722%]","0.551621","-","0.124259","0.001741","0.000027"
"dbd_user_type_returning_dbd","Dimension","dbd_avg_o2_mi","","mean","0.016251","796,457","0.016683","804,368","0.000436","[+0.000096, +0.000777]","0.026846","[+0.5879%, +4.7813%]","0.012091","Significant","0.826270","0.023127","0.000361"
"dbd_delivery_platform_android","Dimension","dbd_avg_o2_mi","","mean","0.016294","199,535","0.016594","202,950","0.000307","[-0.000378, +0.000991]","0.018819","[-2.3177%, +6.0815%]","0.379793","-","0.205147","0.004037","0.000063"
"dbd_delivery_platform_desktop","Dimension","dbd_avg_o2_mi","","mean","0.013083","30,381","0.013554","30,524","0.000476","[-0.001148, +0.0021]","0.036374","[-8.7757%, +16.0505%]","0.565744","-","0.029448","0.000904","0.000014"
"dbd_delivery_platform_ios","Dimension","dbd_avg_o2_mi","","mean","0.015534","729,354","0.015971","733,783","0.000438","[+0.000081, +0.000795]","0.028209","[+0.5215%, +5.1204%]","0.016198","Significant","0.714066","0.020079","0.000313"
"dbd_bundle_type_post_checkout","Dimension","dbd_avg_o2_mi","","mean","0.015778","647,601","0.016252","655,376","0.000475","[+0.000081, +0.00087]","0.030134","[+0.5143%, +5.5126%]","0.018113","Significant","0.744506","0.022779","0.000354"
"dbd_bundle_type_pre_checkout","Dimension","dbd_avg_o2_mi","","mean","0.014652","171,407","0.014164","170,963","-0.000480","[-0.001207, +0.000247]","-0.032757","[-8.2351%, +1.6838%]","0.195484","-","0.199709","-0.006182","-0.000096"
"dbd_avg_o2_nd","Metric","N/A","","mean","0.004688","955,515","0.004686","963,544","-0.000002","[-0.000169, +0.000165]","-0.000463","[-3.6144%, +3.5219%]","0.979723","-","0.950346","-0.000438","-0.000002"
"dbd_bundle_type_post_checkout","Dimension","dbd_avg_o2_nd","","mean","0.004835","791,102","0.004794","799,948","-0.000041","[-0.000231, +0.000149]","-0.008441","[-4.7777%, +3.0894%]","0.674038","-","0.748924","-0.006499","-0.000031"
"dbd_bundle_type_pre_checkout","Dimension","dbd_avg_o2_nd","","mean","0.004144","210,561","0.004281","210,037","0.000137","[-0.00021, +0.000484]","0.033083","[-5.07%, +11.6866%]","0.438979","-","0.201401","0.005883","0.000028"
"dbd_delivery_platform_android","Dimension","dbd_avg_o2_nd","","mean","0.004695","199,531","0.004456","202,947","-0.000239","[-0.000594, +0.000116]","-0.050897","[-12.6499%, +2.4705%]","0.187002","-","0.205148","-0.010432","-0.000049"
"dbd_delivery_platform_desktop","Dimension","dbd_avg_o2_nd","","mean","0.003890","30,380","0.004266","30,523","0.000374","[-0.000507, +0.001254]","0.096004","[-13.04%, +32.2409%]","0.405916","-","0.029448","0.002354","0.000011"
"dbd_delivery_platform_ios","Dimension","dbd_avg_o2_nd","","mean","0.004716","729,323","0.004775","733,738","0.000059","[-0.000136, +0.000253]","0.012431","[-2.8778%, +5.364%]","0.554369","-","0.714063","0.008907","0.000042"
"dbd_user_type_new_dbd","Dimension","dbd_avg_o2_nd","","mean","0.006026","168,970","0.005597","169,150","-0.000429","[-0.000939, +0.000082]","-0.071180","[-15.5909%, +1.355%]","0.099655","-","0.124260","-0.011343","-0.000053"
"dbd_user_type_returning_dbd","Dimension","dbd_avg_o2_nd","","mean","0.004485","796,426","0.004549","804,328","0.000064","[-0.000113, +0.00024]","0.014194","[-2.5131%, +5.3518%]","0.479303","-","0.826268","0.011184","0.000053"
"dbd_avg_o2_package","Metric","N/A","","mean","0.700016","955,432","0.701964","963,482","0.001951","[+0.000762, +0.003139]","0.002787","[+0.1088%, +0.4485%]","0.001300","Significant","0.950358","0.002645","0.001854"
"dbd_user_type_new_dbd","Dimension","dbd_avg_o2_package","","mean","0.682586","168,955","0.685784","169,133","0.003198","[+0.000052, +0.006345]","0.004686","[+0.0076%, +0.9295%]","0.046340","Significant","0.124263","0.000568","0.000398"
"dbd_user_type_returning_dbd","Dimension","dbd_avg_o2_package","","mean","0.702649","796,355","0.704388","804,281","0.001715","[+0.000434, +0.002997]","0.002441","[+0.0617%, +0.4265%]","0.008717","Significant","0.826279","0.002022","0.001417"
"dbd_bundle_type_post_checkout","Dimension","dbd_avg_o2_package","","mean","0.659428","791,022","0.661976","799,895","0.002547","[+0.001183, +0.003911]","0.003862","[+0.1793%, +0.5931%]","0.000254","Significant","0.748934","0.002722","0.001908"
"dbd_bundle_type_pre_checkout","Dimension","dbd_avg_o2_package","","mean","0.849921","210,543","0.851347","210,021","0.001356","[-0.000663, +0.003374]","0.001595","[-0.0781%, +0.397%]","0.188193","-","0.201404","0.000390","0.000274"
"dbd_delivery_platform_android","Dimension","dbd_avg_o2_package","","mean","0.656746","199,512","0.659009","202,931","0.002240","[-0.000435, +0.004915]","0.003411","[-0.0662%, +0.7485%]","0.100702","-","0.205146","0.000656","0.000460"
"dbd_delivery_platform_desktop","Dimension","dbd_avg_o2_package","","mean","0.708299","30,378","0.713246","30,523","0.004673","[-0.002063, +0.011409]","0.006597","[-0.2913%, +1.6107%]","0.173937","-","0.029450","0.000198","0.000138"
"dbd_delivery_platform_ios","Dimension","dbd_avg_o2_package","","mean","0.712004","729,259","0.713841","733,690","0.001853","[+0.000507, +0.003198]","0.002602","[+0.0712%, +0.4492%]","0.006962","Significant","0.714075","0.001888","0.001323"
"dbd_avg_o2_sdb","Metric","N/A","","mean","0.683314","974,256","0.684345","982,625","0.001052","[-0.000142, +0.002245]","0.001539","[-0.0207%, +0.3285%]","0.084133","-","0.950265","0.001461","0.000999"
"dbd_bundle_type_post_checkout","Dimension","dbd_avg_o2_sdb","","mean","0.657024","807,738","0.658329","817,024","0.001325","[-0.000025, +0.002675]","0.002016","[-0.0039%, +0.4071%]","0.054456","-","0.749460","0.001452","0.000993"
"dbd_bundle_type_pre_checkout","Dimension","dbd_avg_o2_sdb","","mean","0.780737","214,300","0.781955","213,652","0.001122","[-0.001287, +0.003531]","0.001437","[-0.1648%, +0.4522%]","0.361378","-","0.200782","0.000330","0.000226"
"dbd_delivery_platform_android","Dimension","dbd_avg_o2_sdb","","mean","0.651981","203,225","0.653648","206,860","0.001692","[-0.00096, +0.004345]","0.002596","[-0.1473%, +0.6664%]","0.211141","-","0.205014","0.000508","0.000347"
"dbd_delivery_platform_desktop","Dimension","dbd_avg_o2_sdb","","mean","0.693375","30,944","0.694949","31,194","0.001286","[-0.005454, +0.008026]","0.001855","[-0.7866%, +1.1575%]","0.708416","-","0.029418","0.000056","0.000038"
"dbd_delivery_platform_ios","Dimension","dbd_avg_o2_sdb","","mean","0.691778","743,916","0.692648","748,351","0.000895","[-0.000465, +0.002254]","0.001293","[-0.0672%, +0.3259%]","0.197048","-","0.714148","0.000935","0.000639"
"dbd_user_type_new_dbd","Dimension","dbd_avg_o2_sdb","","mean","0.680782","173,987","0.682415","174,247","0.001628","[-0.001475, +0.004732]","0.002392","[-0.2167%, +0.695%]","0.303818","-","0.125286","0.000299","0.000204"
"dbd_user_type_returning_dbd","Dimension","dbd_avg_o2_sdb","","mean","0.683700","810,408","0.684637","818,557","0.000923","[-0.000367, +0.002213]","0.001350","[-0.0537%, +0.3237%]","0.160939","-","0.825158","0.001114","0.000762"
"dbd_avg_o2_subtotal_1pc","Metric","N/A","","mean","12.066580","27,750","12.079936","28,348","0.022680","[-0.170638, +0.215998]","0.001880","[-1.4141%, +1.79%]","0.818138","-","0.953336","0.001797","0.021627"
"dbd_avg_o2_subtotal_3pc","Metric","N/A","","mean","11.144649","236,573","11.177092","245,415","0.030298","[-0.026828, +0.087424]","0.002719","[-0.2407%, +0.7845%]","0.298568","-","0.952630","0.002593","0.028868"
"dbd_avg_o2_subtotal_alc","Metric","N/A","","mean","20.977927","39,870","21.118320","39,557","0.146535","[-0.117423, +0.410493]","0.006985","[-0.5597%, +1.9568%]","0.276566","-","0.945718","0.006629","0.138639"
"dbd_avg_o2_subtotal_flowers","Metric","N/A","","mean","33.057067","75","29.089993","58","-3.967073","[-11.165854, +3.231707]","-0.120007","[-33.7775%, +9.7761%]","0.280103","-","0.927666","-0.113886","-3.689012"
"dbd_avg_o2_subtotal_grocery","Metric","N/A","","mean","18.736914","82,954","19.026509","87,270","0.289391","[+0.092538, +0.486244]","0.015445","[+0.4939%, +2.5951%]","0.003960","Significant","0.946277","0.014609","0.273906"
"dbd_avg_o2_subtotal_nv","Metric","N/A","","mean","14.169070","392,528","14.244390","405,907","0.074809","[+0.007941, +0.141678]","0.005280","[+0.056%, +0.9999%]","0.028328","Significant","0.952004","0.005033","0.071235"
"dbd_avg_o2_subtotal_pets","Metric","N/A","","mean","31.375749","2,629","30.282088","2,666","-1.186394","[-2.678022, +0.305234]","-0.037812","[-8.5353%, +0.9728%]","0.119022","-","0.956565","-0.036347","-1.134859"
"dbd_avg_o2_subtotal_rx","Metric","N/A","","mean","13.014622","651,241","13.014894","647,517","0.000420","[-0.034833, +0.035673]","0.000032","[-0.2676%, +0.2741%]","0.981360","-","0.949242","0.000031","0.000399"
"dbd_avg_o2_vp_1pc","Metric","N/A","","mean","-14.142000","27,749","-14.082231","28,346","0.060541","[-0.176251, +0.297333]","-0.004281","[+1.2463%, -2.1025%]","0.616296","-","0.953321","-0.004046","0.057729"
"dbd_avg_o2_vp_3pc","Metric","N/A","","mean","-0.544212","236,571","-0.540487","245,412","0.004360","[-0.017396, +0.026117]","-0.008012","[+3.1966%, -4.7991%]","0.694458","-","0.952627","-0.007581","0.004155"
"dbd_avg_o2_vp_alc","Metric","N/A","","mean","-0.329588","39,870","-0.251031","39,557","0.070273","[-0.031526, +0.172072]","-0.213215","[+9.5652%, -52.2082%]","0.176058","-","0.945718","-0.179988","0.066487"
"dbd_avg_o2_vp_flowers","Metric","N/A","","mean","1.014843","75","0.120052","58","-0.894792","[-4.3354, +2.545817]","-0.881704","[-427.1989%, +250.858%]","0.610245","-","0.927666","-0.763485","-0.832074"
"dbd_avg_o2_vp_grocery","Metric","N/A","","mean","-2.431691","104,520","-2.410400","109,582","0.017298","[-0.037156, +0.071752]","-0.007114","[+1.528%, -2.9507%]","0.533542","-","0.952565","-0.006761","0.016482"
"dbd_avg_o2_vp_nv","Metric","N/A","","mean","-1.866922","392,520","-1.848001","405,899","0.017860","[-0.011837, +0.047557]","-0.009567","[+0.634%, -2.5474%]","0.238493","-","0.952001","-0.009048","0.017007"
"dbd_avg_o2_vp_pets","Metric","N/A","","mean","-0.174082","2,629","-0.474173","2,666","-0.306035","[-0.705211, +0.093141]","1.757995","[+405.1032%, -53.5042%]","0.132932","-","0.956565","3.421822","-0.292741"
"dbd_avg_o2_vp_rx","Metric","N/A","","mean","-0.551105","651,218","-0.565332","647,498","-0.012466","[-0.029135, +0.004202]","0.022620","[+5.2866%, -0.7625%]","0.142692","-","0.949242","0.021258","-0.011832"
"dbd_bottom_sheet_load_latency_ios","Metric","N/A","","mean","0.069671","10,468,987","0.067147","10,468,880","-0.002528","[-0.002715, -0.002341]","-0.036284","[-3.8963%, -3.3604%]","0.000000","Significant","0.906565","-0.032831","-0.002292"
"dbd_cx_retrial","Metric","N/A","","mean","-","0","-","0","-","-","-","-","-","-","-","-","-"
"dbd_existing_attach_rate_post_checkout","Metric","N/A","","mean","0.046567","5,603,718","0.047267","5,600,954","0.000703","[+0.000528, +0.000878]","0.015094","[+1.134%, +1.8848%]","0.000000","Significant","0.951599","0.014400","0.000669"
"dbd_funnel_checkout_error","Metric","N/A","","mean","0.000808","10,786,226","0.000817","10,784,847","0.000009","[-0.000007, +0.000025]","0.011306","[-0.8118%, +3.073%]","0.253935","-","0.952055","0.010784","0.000009"
"dbd_funnel_click_item","Metric","N/A","","mean","0.059467","10,786,226","0.060422","10,784,847","0.000947","[+0.000757, +0.001137]","0.015924","[+1.2734%, +1.9114%]","0.000000","Significant","0.952055","0.015189","0.000902"
"dbd_funnel_load_checkout","Metric","N/A","","mean","0.051760","10,786,226","0.052744","10,784,847","0.000981","[+0.000786, +0.001176]","0.018948","[+1.5183%, +2.2714%]","0.000000","Significant","0.952055","0.018074","0.000934"
"dbd_funnel_load_store","Metric","N/A","","mean","0.174925","10,786,226","0.175434","10,784,847","0.000470","[+0.000153, +0.000787]","0.002687","[+0.0875%, +0.4499%]","0.003651","Significant","0.952055","0.002546","0.000448"
"dbd_funnel_payment_error","Metric","N/A","","mean","0.000798","10,786,226","0.000806","10,784,847","0.000008","[-0.000008, +0.000024]","0.010045","[-0.9413%, +2.9504%]","0.311626","-","0.952055","0.009578","0.000008"
"dbd_funnel_tap_place_order","Metric","N/A","","mean","0.033485","10,786,226","0.034011","10,784,847","0.000526","[+0.00037, +0.000681]","0.015697","[+1.1049%, +2.0345%]","0.000000","Significant","0.952055","0.014988","0.000500"
"dbd_funnel_time_to_purchase","Metric","N/A","","mean","3.898845","724,416","3.900749","733,236","0.002027","[-0.026594, +0.030649]","0.000520","[-0.6821%, +0.7861%]","0.889581","-","0.954310","0.000496","0.001936"
"dbd_new_attach_rate_post_checkout","Metric","N/A","","mean","0.015075","4,825,002","0.015128","4,826,197","0.000051","[-0.000061, +0.000163]","0.003394","[-0.4017%, +1.0805%]","0.369380","-","0.946483","0.003215","0.000048"
"dbd_nv_trials_net_new_per_cx","Metric","N/A","","mean","-","0","-","0","-","-","-","-","-","-","-","-","-"
"dbd_nv_trials_per_cx","Metric","N/A","","mean","-","0","-","0","-","-","-","-","-","-","-","-","-"
"dbd_nv_trials_retrial_per_cx","Metric","N/A","","mean","-","0","-","0","-","-","-","-","-","-","-","-","-"
"dbd_o2_aov","Metric","N/A","","mean","20.176768","957,589","20.225916","965,543","0.049702","[+0.008068, +0.091337]","0.002463","[+0.04%, +0.4527%]","0.019297","Significant","0.950249","0.002344","0.047231"
"dbd_o2_gmv","Metric","N/A","","mean","2.226428","11,804,106","2.252099","11,804,307","0.025815","[+0.017672, +0.033959]","0.011595","[+0.7937%, +1.5253%]","0.000000","Significant","0.951371","0.011031","0.303152"
"dbd_o2_subtotal","Metric","N/A","","mean","13.488650","957,589","13.526338","965,543","0.038497","[+0.003973, +0.073022]","0.002854","[+0.0295%, +0.5414%]","0.028850","Significant","0.950249","0.002717","0.036584"
"dbd_o2_trials_per_cx","Metric","N/A","","mean","0.015323","11,024,101","0.015342","11,022,875","0.000017","[-0.000086, +0.000119]","0.001082","[-0.561%, +0.7773%]","0.751361","-","0.935689","0.001012","0.000016"
"dbd_o2_vp","Metric","N/A","","mean","-0.952274","957,589","-0.964669","965,543","-0.011816","[-0.027092, +0.00346]","0.012408","[+2.845%, -0.3634%]","0.129517","-","0.950249","0.011733","-0.011228"
"dbd_o2_vp_per_cx","Metric","N/A","","mean","-0.105080","11,804,106","-0.107413","11,804,307","-0.002316","[-0.004073, -0.000559]","0.022037","[+3.8757%, +0.5318%]","0.009784","Significant","0.945387","0.020834","-0.027193"
"dbd_o_2_trials_per_cx_post_checkout","Metric","N/A","","mean","0.012690","11,024,101","0.012734","11,022,875","0.000042","[-0.000052, +0.000135]","0.003307","[-0.4061%, +1.0674%]","0.379053","-","0.941946","0.003115","0.000041"
"dbd_o_2_trials_per_cx_pre_checkout","Metric","N/A","","mean","0.002634","11,024,101","0.002608","11,022,875","-0.000026","[-0.000069, +0.000016]","-0.010046","[-2.625%, +0.6157%]","0.224289","-","0.906697","-0.009109","-0.000026"
"dbd_order_frequency","Metric","N/A","","mean","1.360226","957,589","1.361282","965,543","0.001409","[-0.00103, +0.003847]","0.001036","[-0.0757%, +0.2828%]","0.257523","-","0.950249","0.000984","0.001348"
"dbd_order_frequency_14d","Metric","N/A","","mean","-","0","-","0","-","-","-","-","-","-","-","-","-"
"dbd_order_frequency_28d","Metric","N/A","","mean","-","0","-","0","-","-","-","-","-","-","-","-","-"
"dbd_order_frequency_7d","Metric","N/A","","mean","1.272778","659,390","1.274272","665,978","0.001670","[-0.000594, +0.003934]","0.001312","[-0.0467%, +0.3091%]","0.148197","-","0.612777","0.000804","0.001101"
"dbd_order_rate","Metric","N/A","","mean","0.110346","11,804,106","0.111347","11,804,307","0.001060","[+0.000715, +0.001405]","0.009606","[+0.648%, +1.2733%]","0.000000","Significant","0.950056","0.009127","0.012448"
"dbd_order_rate_7d","Metric","N/A","","mean","0.101384","8,278,043","0.102518","8,277,909","0.001197","[+0.000834, +0.001559]","0.011803","[+0.8231%, +1.5376%]","0.000000","Significant","0.611594","0.007219","0.009855"
"dbd_pcc_load_latency_ios","Metric","N/A","","mean","0.466351","5,355,238","0.465530","5,352,463","-0.000507","[-0.00109, +0.000076]","-0.001088","[-0.2338%, +0.0162%]","0.087993","-","0.512650","-0.000583","-0.000260"
"dbd_post_checkout_browsed_carousels_fyp","Metric","N/A","","mean","0.372275","10,514,029","0.371673","10,512,164","-0.000602","[-0.001235, +0.00003]","-0.001618","[-0.3318%, +0.0082%]","0.062050","-","","",""
"dbd_post_checkout_browsed_items_fyp","Metric","N/A","","mean","0.891619","10,514,029","0.888763","10,512,164","-0.002939","[-0.004656, -0.001222]","-0.003296","[-0.5222%, -0.137%]","0.000795","Significant","","",""
"dbd_post_checkout_browsed_stores","Metric","N/A","","mean","1.476115","10,514,029","1.472615","10,512,164","-0.003591","[-0.005213, -0.001968]","-0.002432","[-0.3532%, -0.1333%]","0.000014","Significant","","",""
"dbd_post_checkout_browsed_stores_fyp","Metric","N/A","","mean","0.403125","10,514,029","0.402553","10,512,164","-0.000568","[-0.001235, +0.000098]","-0.001410","[-0.3063%, +0.0244%]","0.094677","-","","",""
"dbd_post_checkout_browsed_stores_nav_bar","Metric","N/A","","mean","1.284735","10,514,029","1.281493","10,512,164","-0.003300","[-0.004793, -0.001807]","-0.002569","[-0.373%, -0.1407%]","0.000015","Significant","","",""
"dbd_post_checkout_fyp_carousel_item_depth","Metric","N/A","","mean","0.732114","7,463,298","0.729453","7,461,183","-0.002674","[-0.00391, -0.001437]","-0.003652","[-0.5341%, -0.1963%]","0.000023","Significant","","",""
"dbd_postcheckout_search_avg_click_position","Metric","N/A","","mean","2.153666","146,793","2.434864","144,545","0.279522","[-0.320715, +0.879758]","0.129789","[-14.8916%, +40.8493%]","0.361386","-","0.942165","0.123660","0.263594"
"dbd_postcheckout_search_back_button_ctr","Metric","N/A","","mean","0.174837","239,317","0.177007","236,482","0.002216","[+0.000133, +0.0043]","0.012677","[+0.0761%, +2.4594%]","0.037055","Significant","0.952957","0.012090","0.002112"
"dbd_postcheckout_search_browse_button_ctr","Metric","N/A","","mean","0.393716","239,317","0.394277","236,482","0.000567","[-0.022421, +0.023554]","0.001439","[-5.6947%, +5.9825%]","0.961468","-","0.959037","0.001370","0.000544"
"dbd_postcheckout_search_ctr","Metric","N/A","","mean","0.481645","10,514,026","0.478773","10,512,162","-0.002872","[-0.00544, -0.000303]","-0.005962","[-1.1295%, -0.063%]","0.028427","Significant","0.953955","-0.005678","-0.002738"
"dbd_postcheckout_search_nsr","Metric","N/A","","mean","0.112775","10,514,026","0.111937","10,512,162","-0.000831","[-0.002754, +0.001092]","-0.007367","[-2.4417%, +0.9683%]","0.397064","-","0.953955","-0.007051","-0.000792"
"dbd_postcheckout_searched","Metric","N/A","","mean","0.009518","9,835,222","0.009392","9,833,531","-0.000125","[-0.000188, -0.000062]","-0.013111","[-1.9724%, -0.6498%]","0.000102","Significant","0.946938","-0.012436","-0.000118"
"dbd_total_o2_gmv_1pc","Metric","N/A","","mean","0.046921","11,804,106","0.048130","11,804,307","0.001305","[+0.000266, +0.002344]","0.027808","[+0.5667%, +4.9949%]","0.013830","Significant","0.954785","0.026551","0.001342"
"dbd_total_o2_gmv_3pc","Metric","N/A","","mean","0.410355","11,804,106","0.428756","11,804,307","0.018495","[+0.015469, +0.021522]","0.045071","[+3.7697%, +5.2446%]","0.000000","Significant","0.952790","0.042943","0.019017"
"dbd_total_o2_gmv_alc","Metric","N/A","","mean","0.096921","10,726,247","0.097858","10,725,805","0.000958","[-0.000996, +0.002913]","0.009886","[-1.0279%, +3.0051%]","0.336623","-","0.945377","0.009346","0.000994"
"dbd_total_o2_gmv_flowers","Metric","N/A","","mean","0.000248","11,804,106","0.000180","11,804,307","-0.000067","[-0.000157, +0.000023]","-0.271183","[-63.4047%, +9.168%]","0.142985","-","0.945811","-0.256488","-0.000069"
"dbd_total_o2_gmv_grocery","Metric","N/A","","mean","0.265547","11,804,106","0.283146","11,804,307","0.017568","[+0.014298, +0.020837]","0.066157","[+5.3845%, +7.8468%]","0.000000","Significant","0.952347","0.063004","0.018063"
"dbd_total_o2_gmv_nv","Metric","N/A","","mean","0.848080","11,804,106","0.886127","11,804,307","0.037586","[+0.032351, +0.042821]","0.044319","[+3.8147%, +5.0491%]","0.000000","Significant","0.952160","0.042199","0.038646"
"dbd_total_o2_gmv_pets","Metric","N/A","","mean","0.009573","11,804,106","0.009379","11,804,307","-0.000169","[-0.000832, +0.000493]","-0.017695","[-8.6881%, +5.1491%]","0.616176","-","0.960568","-0.016997","-0.000174"
"dbd_total_o2_gmv_rx","Metric","N/A","","mean","1.372434","11,804,106","1.360399","11,804,307","-0.010651","[-0.016548, -0.004753]","-0.007760","[-1.2057%, -0.3463%]","0.000401","Significant","0.950989","-0.007380","-0.010951"
"dbd_total_o2_orders_1pc","Metric","N/A","","mean","0.002660","11,804,106","0.002732","11,804,307","0.000074","[+0.000025, +0.000122]","0.027715","[+0.9485%, +4.5946%]","0.002886","Significant","0.952709","0.026405","0.000076"
"dbd_total_o2_orders_3pc","Metric","N/A","","mean","0.024465","11,804,106","0.025466","11,804,307","0.001023","[+0.000865, +0.001181]","0.041813","[+3.5352%, +4.8274%]","0.000000","Significant","0.951787","0.039797","0.001052"
"dbd_total_o2_orders_alc","Metric","N/A","","mean","0.003882","11,804,106","0.003882","11,804,307","0.000002","[-0.000057, +0.000062]","0.000635","[-1.4766%, +1.6037%]","0.935544","-","0.945947","0.000601","0.000003"
"dbd_total_o2_orders_flowers","Metric","N/A","","mean","0.000006","11,804,106","0.000005","11,804,307","-0.000001","[-0.000003, +0.000001]","-0.166540","[-48.1877%, +14.8797%]","0.300613","-","0.974409","-0.162278","-0.000001"
"dbd_total_o2_orders_grocery","Metric","N/A","","mean","0.010252","11,804,106","0.010806","11,804,307","0.000560","[+0.000462, +0.000658]","0.054630","[+4.5085%, +6.4174%]","0.000000","Significant","0.951469","0.051978","0.000576"
"dbd_total_o2_orders_nv","Metric","N/A","","mean","0.041746","11,804,106","0.043378","11,804,307","0.001666","[+0.001457, +0.001876]","0.039919","[+3.4892%, +4.4946%]","0.000000","Significant","0.951225","0.037972","0.001713"
"dbd_total_o2_orders_pets","Metric","N/A","","mean","0.000236","11,804,106","0.000239","11,804,307","0.000003","[-0.00001, +0.000016]","0.013332","[-4.2835%, +6.9499%]","0.641764","-","0.957208","0.012762","0.000003"
"dbd_total_o2_orders_rx","Metric","N/A","","mean","0.071039","11,804,106","0.070476","11,804,307","-0.000504","[-0.000782, -0.000225]","-0.007092","[-1.1015%, -0.317%]","0.000394","Significant","0.949383","-0.006733","-0.000518"
"defect_ratio_overall","Metric","N/A","","mean","-","0","-","0","-","-","-","-","-","-","-","-","-"
"doubledash_active_user","Metric","N/A","","mean","0.081124","11,804,106","0.081797","11,804,307","0.000699","[+0.000485, +0.000913]","0.008613","[+0.5973%, +1.1253%]","0.000000","Significant","0.943522","0.008127","0.008161"
"doubledash_l_28_d_mau","Metric","N/A","","mean","0.129668","11,804,106","0.129973","11,804,307","0.000360","[+0.000104, +0.000617]","0.002780","[+0.08%, +0.476%]","0.005916","Significant","0.655946","0.001824","0.001825"
"doubledash_l_28_d_post_checkout_mau","Metric","N/A","","mean","0.109901","11,804,106","0.110255","11,804,307","0.000402","[+0.000161, +0.000642]","0.003657","[+0.1469%, +0.5845%]","0.001054","Significant","0.659438","0.002412","0.002035"
"doubledash_l_28_d_pre_checkout_mau","Metric","N/A","","mean","0.030750","11,804,106","0.030757","11,804,307","0.000026","[-0.000109, +0.000161]","0.000856","[-0.3536%, +0.5248%]","0.702445","-","0.634723","0.000543","0.000133"
"doubledash_post_checkout_active_user","Metric","N/A","","mean","0.067192","11,804,106","0.067937","11,804,307","0.000767","[+0.000569, +0.000964]","0.011413","[+0.8474%, +1.4352%]","0.000000","Significant","0.951505","0.010860","0.008958"
"doubledash_post_checkout_wau","Metric","N/A","","mean","0.037562","11,804,106","0.038005","11,804,307","0.000468","[+0.000318, +0.000619]","0.012467","[+0.8455%, +1.6479%]","0.000000","Significant","0.382305","0.004766","0.003979"
"doubledash_pre_checkout_active_user","Metric","N/A","","mean","0.017843","11,804,106","0.017796","11,804,307","-0.000039","[-0.000143, +0.000066]","-0.002171","[-0.8041%, +0.3698%]","0.468430","-","0.942648","-0.002047","-0.000453"
"doubledash_pre_checkout_wau","Metric","N/A","","mean","0.009933","11,804,106","0.009907","11,804,307","-0.000022","[-0.000101, +0.000057]","-0.002199","[-1.0139%, +0.5741%]","0.587196","-","0.368143","-0.000810","-0.000186"
"doubledash_wau","Metric","N/A","","mean","0.046142","11,804,106","0.046534","11,804,307","0.000419","[+0.000253, +0.000584]","0.009077","[+0.5492%, +1.2661%]","0.000001","Significant","0.393043","0.003568","0.003559"
"dp_paid_pause_cancel","Metric","N/A","","mean","0.016060","4,583,546","0.016026","4,580,289","-0.000036","[-0.000201, +0.000129]","-0.002233","[-1.2527%, +0.806%]","0.670652","-","0.265036","-0.000592","-0.000016"
"dsmp_perc_mx_trialers","Metric","N/A","","mean","0.244205","11,424,793","0.244209","11,425,027","-0.000043","[-0.000307, +0.00022]","-0.000178","[-0.1255%, +0.09%]","0.746330","-","0.921513","-0.000166","-0.000040"
"first_contact_resolution_rate","Metric","N/A","","mean","0.926144","339,925","0.927463","340,224","0.001302","[+0.000027, +0.002577]","0.001406","[+0.003%, +0.2782%]","0.045285","Significant","0.354881","0.000520","0.000463"
"gov_per_order_curie","Metric","N/A","","mean","36.801082","11,462,015","36.793943","11,462,214","-0.009590","[-0.027984, +0.008805]","-0.000261","[-0.076%, +0.0239%]","0.306880","-","0.938231","-0.000245","-0.008997"
"hp_session_long_term_relevance_v_2","Metric","N/A","","mean","-","0","-","0","-","-","-","-","-","-","-","-","-"
"hqdr_ratio","Metric","N/A","","mean","0.923916","11,578,320","0.923800","11,578,851","-0.000109","[-0.000251, +0.000033]","-0.000118","[-0.0272%, +0.0036%]","0.132573","-","0.939011","-0.000111","-0.000102"
"mx_takehome_pay_7d","Metric","N/A","","mean","-","0","-","0","-","-","-","-","-","-","-","-","-"
"net_revenue_per_order","Metric","N/A","","mean","-","0","-","0","-","-","-","-","-","-","-","-","-"
"nv_fco_all","Metric","N/A","","mean","7.697950","2,289,845","7.719492","2,297,911","0.021416","[+0.00025, +0.042583]","0.002782","[+0.0032%, +0.5532%]","0.047359","Significant","0.948806","0.002590","0.020322"
"nv_hqfr","Metric","N/A","","mean","0.838361","1,582,197","0.837985","1,587,012","-0.000347","[-0.00103, +0.000337]","-0.000413","[-0.1229%, +0.0402%]","0.320353","-","0.953193","-0.000394","-0.000330"
"nv_mau","Metric","N/A","","mean","0.269194","11,804,106","0.269579","11,804,307","0.000523","[+0.000208, +0.000838]","0.001944","[+0.0773%, +0.3114%]","0.001132","Significant","0.654849","0.001273","0.001201"
"o1_aov","Metric","N/A","","mean","37.435123","11,465,810","37.433751","11,465,888","-0.004942","[-0.023618, +0.013735]","-0.000132","[-0.0631%, +0.0367%]","0.604047","-","0.923988","-0.000123","-0.004566"
"o1_gmv","Metric","N/A","","mean","107.065774","11,804,106","107.023887","11,804,307","-0.024675","[-0.104234, +0.054884]","-0.000230","[-0.0974%, +0.0513%]","0.543268","-","0.935484","-0.000216","-0.024457"
"o1_subtotal","Metric","N/A","","mean","27.129821","11,465,810","27.129351","11,465,888","-0.002608","[-0.017718, +0.012502]","-0.000096","[-0.0653%, +0.0461%]","0.735142","-","0.923988","-0.000090","-0.002410"
"o1_vp","Metric","N/A","","mean","3.326271","11,465,810","3.322163","11,465,888","-0.002756","[-0.007666, +0.002154]","-0.000829","[-0.2305%, +0.0648%]","0.271282","-","0.923988","-0.000775","-0.002547"
"o1_vp_per_cx","Metric","N/A","","mean","9.513252","11,804,106","9.498134","11,804,307","-0.008421","[-0.02305, +0.006207]","-0.000885","[-0.2423%, +0.0652%]","0.259182","-","0.935899","-0.000828","-0.008347"
"order_frequency_per_entity_7d","Metric","N/A","","mean","-","0","-","0","-","-","-","-","-","-","-","-","-"
"order_inflation_rate","Metric","N/A","","mean","0.177533","9,745,110","0.177464","9,743,496","-0.000063","[-0.000133, +0.000008]","-0.000354","[-0.075%, +0.0043%]","0.080817","-","0.937283","-0.000332","-0.000059"
"order_rate_per_entity_7d","Metric","N/A","","mean","2.602407","8,278,043","2.602012","8,277,909","-0.000154","[-0.001967, +0.001658]","-0.000059","[-0.0756%, +0.0637%]","0.867346","-","0.584276","-0.000035","-0.000110"
"ox_subtotal_combined","Metric","N/A","","mean","27.346864","5,987,199","27.356231","5,987,416","0.007713","[-0.010584, +0.02601]","0.000282","[-0.0387%, +0.0951%]","0.408704","-","0.591072","0.000165","0.004557"
"smb_rx_filtered_core_volume","Metric","N/A","","mean","0.393276","10,135,658","0.393462","10,134,290","0.000251","[-0.000116, +0.000617]","0.000638","[-0.0294%, +0.1569%]","0.179818","-","0.937022","0.000595","0.000235"
"variable_profit_per_order","Metric","N/A","","mean","3.202193","11,572,481","3.194952","11,572,996","-0.005689","[-0.011227, -0.00015]","-0.001777","[-0.3506%, -0.0047%]","0.044093","Significant","0.809623","-0.001610","-0.004606"
"vol_from_over_25","Metric","N/A","","mean","0.159649","11,425,065","0.159402","11,425,267","-0.000213","[-0.000438, +0.000011]","-0.001337","[-0.2745%, +0.0071%]","0.062706","-","0.935644","-0.001250","-0.000200"