Metric Name,Desired Direction,Dimension Name,Dimension Value,Label,Variant Name,Metric Value,Metric Impact Relative,Metric Impact Relative Lower Bound,Metric Impact Relative Upper Bound,Metric Impact Relative Global Lift,Metric Impact Absolute,Metric Impact Absolute Lower Bound,Metric Impact Absolute Upper Bound,Metric Impact Absolute Global Lift,P Value,Metric Impact Relative Sequential Lower Bound,Metric Impact Relative Sequential Upper Bound,Metric Impact Absolute Sequential Lower Bound,Metric Impact Absolute Sequential Upper Bound,P Value Sequential,Participating Units,Analyzed At
account_or_system_push_opt_out,decrease,cx_lifestage,account_or_system_push_opt_out_cx_lifestage_Active,,treatment_2,0.011085,-0.00760967,-0.01940935,0.00419001,,-0.000085,-0.0002168,0.0000468,,0.20623367,-0.02616675,0.01094742,-0.00029228,0.00012228,1.0,4866946,2024-08-27 14:40:17
account_or_system_push_opt_out,decrease,cx_lifestage,account_or_system_push_opt_out_cx_lifestage_Active,,control,0.01117,,,,,,,,,,,,,,,4865911,2024-08-27 14:40:17
account_or_system_push_opt_out,decrease,cx_lifestage,account_or_system_push_opt_out_cx_lifestage_Churned,,control,0.056953,,,,,,,,,,,,,,,395361,2024-08-27 14:39:58
account_or_system_push_opt_out,decrease,cx_lifestage,account_or_system_push_opt_out_cx_lifestage_Churned,,treatment_2,0.055149,-0.03167524,-0.04947085,-0.01387963,,-0.001804,-0.00281751,-0.00079049,,0.0004855,-0.05966198,-0.0036885,-0.00339793,-0.00021007,0.01718872,396107,2024-08-27 14:39:58
ads_revenue,increase,ad_product,ad_product_sl,,treatment_2,0.46834214,0.00572485,0.0013932,0.01005649,0.0015713,0.00266593,0.00064878,0.00468307,0.00773388,0.00958773,-0.00108743,0.01253713,-0.00050639,0.00583824,0.15270387,6380579,2024-08-26 15:38:08
ads_revenue,increase,ad_product,ad_product_sl,,control,0.46567621,,,,,,,,,,,,,,,6378881,2024-08-26 15:38:08
ads_revenue,increase,ad_product,ad_product_sp,,control,0.04581572,,,,,,,,,,,,,,,6378881,2024-08-26 15:38:08
ads_revenue,increase,ad_product,ad_product_sp,,treatment_2,0.04444359,-0.02994873,-0.07374053,0.01384308,-0.00080873,-0.00137212,-0.00337848,0.00063423,-0.00398054,0.18011617,-0.09881908,0.03892163,-0.00452747,0.00178322,1.0,6380579,2024-08-26 15:38:08
vp_core,increase,consumer_is_occasional_cx,consumer_is_occasional_cx_NULL,,treatment_2,0.46228736,-0.0987248,-0.37366073,0.17621114,-0.00003271,-0.0506385,-0.19166025,0.09038325,-0.00009593,0.48156381,-0.53111018,0.33366058,-0.27242015,0.17114314,1.0,43624,2024-08-26 21:43:59
vp_core,increase,consumer_is_occasional_cx,consumer_is_occasional_cx_NULL,,control,0.51292586,,,,,,,,,,,,,,,43955,2024-08-26 21:43:59
vp_core,increase,consumer_is_occasional_cx,consumer_is_occasional_cx_Occasional,,treatment_2,2.39713981,0.00074148,-0.01013571,0.01161868,0.00002001,0.00177613,-0.02427872,0.02783097,0.00005868,0.89371238,-0.01636483,0.0178478,-0.03919972,0.04275197,1.0,931392,2024-08-26 21:43:59
vp_core,increase,consumer_is_occasional_cx,consumer_is_occasional_cx_Occasional,,control,2.39536368,,,,,,,,,,,,,,,932126,2024-08-26 21:43:59
vp_core,increase,consumer_is_occasional_cx,consumer_is_occasional_cx_Other,,treatment_2,3.54963575,0.00121983,-0.00123454,0.00367419,0.00060973,0.00432466,-0.00437681,0.01302614,0.00178838,0.3300025,-0.00264009,0.00507975,-0.00935995,0.01800928,1.0,5399334,2024-08-26 21:43:59
vp_core,increase,consumer_is_occasional_cx,consumer_is_occasional_cx_Other,,control,3.54531109,,,,,,,,,,,,,,,5396645,2024-08-26 21:43:59
consumers_mau,increase,cx_lifestage,consumers_mau_cx_lifestage_Active,,treatment_2,0.996706,-0.00006521,-0.00013588,5.45e-6,-0.0000177,-0.000065,-0.00013544,5.44e-6,-9.52e-6,0.07050238,-0.00017634,0.00004592,-0.00017578,0.00004578,0.60423324,5035117,2024-08-27 13:31:19
consumers_mau,increase,cx_lifestage,consumers_mau_cx_lifestage_Active,,control,0.996771,,,,,,,,,,,,,,,5033456,2024-08-27 13:31:19
consumers_mau,increase,cx_lifestage,consumers_mau_cx_lifestage_Churned,,treatment_2,0.811375,0.00123276,-0.00081863,0.00328415,0.00002304,0.000999,-0.0006634,0.0026614,0.00001239,0.23886853,-0.00199341,0.00445893,-0.00161541,0.00361341,1.0,426788,2024-08-27 13:31:34
consumers_mau,increase,cx_lifestage,consumers_mau_cx_lifestage_Churned,,control,0.810376,,,,,,,,,,,,,,,425900,2024-08-27 13:31:34
hqdr_ratio,increase,country,country_Australia,,control,0.88153594,,,,,,,,,,,,,,,4696,2024-08-26 15:38:24
hqdr_ratio,increase,country,country_Australia,,treatment_2,0.88069912,-0.00094927,-0.01502671,0.01312816,0.0,-0.00083682,-0.01324659,0.01157295,0.0,0.89485379,-0.02308853,0.02118999,-0.02035337,0.01867973,1.0,4447,2024-08-26 15:38:24
hqdr_ratio,increase,country,country_Canada,,control,0.8708038,,,,,,,,,,,,,,,5302,2024-08-26 15:38:24
hqdr_ratio,increase,country,country_Canada,,treatment_2,0.86184996,-0.01028227,-0.02337189,0.00280735,-2.48e-6,-0.00895384,-0.02035233,0.00244465,-2.29e-6,0.1236559,-0.03086801,0.01030347,-0.02687998,0.0089723,0.86637422,5281,2024-08-26 15:38:24
hqdr_ratio,increase,country,country_NULL,,treatment_2,0.92497664,0.00002541,-0.00019134,0.00024216,0.00001229,0.0000235,-0.00017698,0.00022399,0.00001137,0.81827895,-0.00031547,0.00036629,-0.0002918,0.0003388,1.0,6189947,2024-08-26 15:38:24
hqdr_ratio,increase,country,country_NULL,,control,0.92495313,,,,,,,,,,,,,,,6188003,2024-08-26 15:38:24
hqdr_ratio,increase,country,country_New Zealand,,treatment_2,0.90177308,-0.01654693,-0.04456903,0.01147517,0.0,-0.01517264,-0.04086739,0.01052211,0.0,0.24712927,-0.06061664,0.02752278,-0.05558217,0.0252369,1.0,964,2024-08-26 15:38:24
hqdr_ratio,increase,country,country_New Zealand,,control,0.91694571,,,,,,,,,,,,,,,955,2024-08-26 15:38:24
hqdr_ratio,increase,country,country_United States,,control,0.87729031,,,,,,,,,,,,,,,60513,2024-08-26 15:38:24
hqdr_ratio,increase,country,country_United States,,treatment_2,0.87550712,-0.0020326,-0.00576459,0.00169939,-5.74e-6,-0.00178318,-0.00505722,0.00149086,-5.31e-6,0.28575484,-0.00790182,0.00383661,-0.00693219,0.00336582,1.0,60189,2024-08-26 15:38:24
consumers_mau,increase,cx_lifestage,cx_lifestage_Dormant,,control,0.813855,,,,,,,,,,,,,,,759321,2024-08-27 13:31:29
account_or_system_push_opt_out,decrease,cx_lifestage,cx_lifestage_Dormant,,control,0.024126,,,,,,,,,,,,,,,704128,2024-08-27 14:40:19
account_or_system_push_opt_out,decrease,cx_lifestage,cx_lifestage_Dormant,,treatment_2,0.024028,-0.00406201,-0.02504839,0.01692437,,-0.000098,-0.00060432,0.00040832,,0.70442071,-0.0370668,0.02894279,-0.00089427,0.00069827,1.0,704292,2024-08-27 14:40:19
consumers_mau,increase,cx_lifestage,cx_lifestage_Dormant,,treatment_2,0.814487,0.00077655,-0.0007435,0.0022966,0.00002597,0.000632,-0.0006051,0.0018691,0.00001397,0.316686,-0.001614,0.0031671,-0.00131356,0.00257756,1.0,759742,2024-08-27 13:31:29
account_or_system_push_opt_out,decrease,cx_lifestage,cx_lifestage_New Cx,,treatment_2,0.021251,-0.01929023,-0.07289726,0.0343168,,-0.000418,-0.00157961,0.00074361,,0.48063379,-0.10359677,0.0650163,-0.00224484,0.00140884,1.0,119616,2024-08-27 14:40:19
consumers_mau,increase,cx_lifestage,cx_lifestage_New Cx,,treatment_2,0.995316,0.00008641,-0.0004566,0.00062942,0.0,0.000086,-0.00045442,0.00062642,0.0,0.75511676,-0.00076757,0.00094039,-0.00076391,0.00093591,1.0,123822,2024-08-27 13:31:29
consumers_mau,increase,cx_lifestage,cx_lifestage_New Cx,,control,0.99523,,,,,,,,,,,,,,,123697,2024-08-27 13:31:29
account_or_system_push_opt_out,decrease,cx_lifestage,cx_lifestage_New Cx,,control,0.021669,,,,,,,,,,,,,,,119526,2024-08-27 14:40:19
consumers_mau,increase,cx_lifestage,cx_lifestage_Non-Purchaser,,control,0.818652,,,,,,,,,,,,,,,105587,2024-08-27 13:31:29
account_or_system_push_opt_out,decrease,cx_lifestage,cx_lifestage_Non-Purchaser,,treatment_2,0.021187,0.00445645,-0.05592446,0.06483737,,0.000094,-0.00117961,0.00136761,,0.88498211,-0.09050322,0.09941613,-0.00190898,0.00209698,1.0,97889,2024-08-27 14:40:19
consumers_mau,increase,cx_lifestage,cx_lifestage_Non-Purchaser,,treatment_2,0.817754,-0.00109693,-0.00511864,0.00292479,-5.12e-6,-0.000898,-0.00419039,0.00239439,-2.76e-6,0.5929395,-0.00742179,0.00522793,-0.00607586,0.00427986,1.0,105270,2024-08-27 13:31:29
account_or_system_push_opt_out,decrease,cx_lifestage,cx_lifestage_Non-Purchaser,,control,0.021093,,,,,,,,,,,,,,,98138,2024-08-27 14:40:19
dbd_avg_o2_dx_cost,decrease,dbd_bundle_type,dbd_bundle_type_post_checkout,,control,3.87703259,,,,,,,,,,,,,,,408439,2024-08-26 16:56:49
dbd_avg_o2_20_late,decrease,dbd_bundle_type,dbd_bundle_type_post_checkout,,treatment_2,0.02621837,-0.00657848,-0.03076434,0.01760738,-0.00212184,-0.00017362,-0.00081193,0.00046469,-0.00006532,0.59396142,-0.04461502,0.03145806,-0.00117748,0.00083024,1.0,403533,2024-08-26 16:56:57
dbd_avg_o2_dx_cost,decrease,dbd_bundle_type,dbd_bundle_type_post_checkout,,treatment_2,3.88667152,0.00248616,-0.00066263,0.00563495,0.00092989,0.00963893,-0.00256902,0.02184687,0.00362846,0.12173971,-0.00246586,0.00743818,-0.00956023,0.02883808,0.85795895,413184,2024-08-26 16:56:49
dbd_avg_o2_hqdr,increase,dbd_bundle_type,dbd_bundle_type_post_checkout,,control,0.92373107,,,,,,,,,,,,,,,408440,2024-08-26 16:56:46
dbd_avg_o2_cancellations,decrease,dbd_bundle_type,dbd_bundle_type_post_checkout,,treatment_2,0.02671335,0.03006536,0.00572014,0.05441059,0.01134342,0.0007797,0.00014834,0.00141106,0.0002935,0.01550021,-0.00822181,0.06835253,-0.00021322,0.00177263,0.21464661,413162,2024-08-26 16:56:45
dbd_avg_o2_package,increase,dbd_bundle_type,dbd_bundle_type_post_checkout,,control,0.66502898,,,,,,,,,,,,,,,399123,2024-08-26 16:57:01
dbd_avg_o2_package,increase,dbd_bundle_type,dbd_bundle_type_post_checkout,,treatment_2,0.66356095,-0.00220747,-0.00512934,0.00071441,-0.0007919,-0.00146803,-0.00341116,0.0004751,-0.00055231,0.13867397,-0.00680263,0.00238769,-0.00452394,0.00158789,0.93022771,403476,2024-08-26 16:57:01
dbd_avg_o2_cancellations,decrease,dbd_bundle_type,dbd_bundle_type_post_checkout,,control,0.02593364,,,,,,,,,,,,,,,408419,2024-08-26 16:56:45
dbd_avg_o2_sdb,increase,dbd_bundle_type,dbd_bundle_type_post_checkout,,control,0.66657651,,,,,,,,,,,,,,,408442,2024-08-26 16:56:41
dbd_avg_o2_sdb,increase,dbd_bundle_type,dbd_bundle_type_post_checkout,,treatment_2,0.66498702,-0.00238456,-0.0052554,0.00048628,-0.00087534,-0.00158949,-0.00350313,0.00032414,-0.00059834,0.10352993,-0.00689947,0.00213034,-0.00459902,0.00142003,0.77460376,413189,2024-08-26 16:56:41
dbd_avg_o2_20_late,decrease,dbd_bundle_type,dbd_bundle_type_post_checkout,,control,0.02639199,,,,,,,,,,,,,,,399167,2024-08-26 16:56:57
dbd_avg_o2_hqdr,increase,dbd_bundle_type,dbd_bundle_type_post_checkout,,treatment_2,0.92334492,-0.00041803,-0.00155753,0.00072146,-0.00015803,-0.00038615,-0.00143874,0.00066644,-0.00014536,0.47212464,-0.00221009,0.00137403,-0.00204153,0.00126923,1.0,413186,2024-08-26 16:56:46
dbd_avg_o2_mi,decrease,dbd_bundle_type,dbd_bundle_type_post_checkout,,treatment_2,0.01631328,-0.00002045,-0.03117459,0.03113369,0.0,-3.3e-7,-0.00050857,0.0005079,0.0,0.99897354,-0.04901584,0.04897495,-0.00079963,0.00079896,1.0,403557,2024-08-26 16:56:51
dbd_avg_o2_nd,decrease,dbd_bundle_type,dbd_bundle_type_post_checkout,,treatment_2,0.0057824,-0.03633919,-0.08734078,0.0146624,-0.01366391,-0.00021805,-0.00052408,0.00008798,-0.00008204,0.16256531,-0.11654821,0.04386984,-0.00069934,0.00026324,1.0,403533,2024-08-26 16:56:50
dbd_avg_o2_mi,decrease,dbd_bundle_type,dbd_bundle_type_post_checkout,,control,0.01631361,,,,,,,,,,,,,,,399188,2024-08-26 16:56:51
dbd_avg_o2_nd,decrease,dbd_bundle_type,dbd_bundle_type_post_checkout,,control,0.00600045,,,,,,,,,,,,,,,399167,2024-08-26 16:56:50
dbd_avg_o2_sdb,increase,dbd_bundle_type,dbd_bundle_type_pre_checkout,,control,0.78181079,,,,,,,,,,,,,,,89228,2024-08-26 16:56:41
dbd_avg_o2_mi,decrease,dbd_bundle_type,dbd_bundle_type_pre_checkout,,treatment_2,0.01522688,-0.00180096,-0.06964355,0.06604163,-0.00014938,-0.00002747,-0.00106237,0.00100742,-2.41e-6,0.95850516,-0.10849544,0.10489351,-0.00165503,0.00160008,1.0,86979,2024-08-26 16:56:51
dbd_avg_o2_nd,decrease,dbd_bundle_type,dbd_bundle_type_pre_checkout,,control,0.00551289,,,,,,,,,,,,,,,87396,2024-08-26 16:56:50
dbd_avg_o2_20_late,decrease,dbd_bundle_type,dbd_bundle_type_pre_checkout,,control,0.04195367,,,,,,,,,,,,,,,87396,2024-08-26 16:56:57
dbd_avg_o2_dx_cost,decrease,dbd_bundle_type,dbd_bundle_type_pre_checkout,,control,4.10161166,,,,,,,,,,,,,,,89227,2024-08-26 16:56:49
dbd_avg_o2_hqdr,increase,dbd_bundle_type,dbd_bundle_type_pre_checkout,,treatment_2,0.91327272,0.00186352,-0.00073056,0.0044576,0.00016165,0.00169874,-0.00066596,0.00406343,0.00014869,0.15913488,-0.00221613,0.00594317,-0.00202017,0.00541764,1.0,88678,2024-08-26 16:56:46
dbd_avg_o2_hqdr,increase,dbd_bundle_type,dbd_bundle_type_pre_checkout,,control,0.91157399,,,,,,,,,,,,,,,89228,2024-08-26 16:56:46
dbd_avg_o2_nd,decrease,dbd_bundle_type,dbd_bundle_type_pre_checkout,,treatment_2,0.00515763,-0.06444151,-0.17837888,0.04949585,-0.00518633,-0.00035526,-0.00098338,0.00027286,-0.00003114,0.26763278,-0.24362818,0.11474515,-0.00134309,0.00063258,1.0,86979,2024-08-26 16:56:50
dbd_avg_o2_20_late,decrease,dbd_bundle_type,dbd_bundle_type_pre_checkout,,treatment_2,0.04116353,-0.01883366,-0.0587206,0.02105328,-0.00224966,-0.00079014,-0.00246354,0.00088326,-0.00006926,0.35473283,-0.08156293,0.04389561,-0.00342186,0.00184158,1.0,86979,2024-08-26 16:56:57
dbd_avg_o2_mi,decrease,dbd_bundle_type,dbd_bundle_type_pre_checkout,,control,0.01525435,,,,,,,,,,,,,,,87396,2024-08-26 16:56:51
dbd_avg_o2_cancellations,decrease,dbd_bundle_type,dbd_bundle_type_pre_checkout,,control,0.02446843,,,,,,,,,,,,,,,89228,2024-08-26 16:56:45
dbd_avg_o2_cancellations,decrease,dbd_bundle_type,dbd_bundle_type_pre_checkout,,treatment_2,0.02395413,-0.02101911,-0.07324517,0.03120694,-0.00173992,-0.0005143,-0.00179219,0.00076358,-0.00004502,0.43022003,-0.10315382,0.0611156,-0.00252401,0.0014954,1.0,88678,2024-08-26 16:56:45
dbd_avg_o2_package,increase,dbd_bundle_type,dbd_bundle_type_pre_checkout,,control,0.85661992,,,,,,,,,,,,,,,87386,2024-08-26 16:57:01
dbd_avg_o2_dx_cost,decrease,dbd_bundle_type,dbd_bundle_type_pre_checkout,,treatment_2,4.09227064,-0.0022774,-0.00902604,0.00447124,-0.00020954,-0.00934102,-0.03702132,0.01833929,-0.00081763,0.50834876,-0.01289083,0.00833603,-0.0528732,0.03419116,1.0,88678,2024-08-26 16:56:49
dbd_avg_o2_package,increase,dbd_bundle_type,dbd_bundle_type_pre_checkout,,treatment_2,0.85748843,0.00101388,-0.0026098,0.00463756,0.00010915,0.00086851,-0.00223561,0.00397263,0.00007612,0.58342881,-0.00468501,0.00671276,-0.00401327,0.00575029,1.0,86971,2024-08-26 16:57:01
dbd_avg_o2_sdb,increase,dbd_bundle_type,dbd_bundle_type_pre_checkout,,treatment_2,0.78430149,0.00318581,-0.00162937,0.00800098,0.00031894,0.0024907,-0.00127386,0.00625525,0.00021801,0.19471778,-0.0043869,0.01075852,-0.00342973,0.00841113,1.0,88678,2024-08-26 16:56:41
dbd_avg_o2_cancellations,decrease,dbd_delivery_platform,dbd_delivery_platform_android,,treatment_2,0.02097739,-0.00567739,-0.31189908,0.30054431,0.0,-0.00011978,-0.00658019,0.00634063,0.0,0.97101287,-0.48726516,0.47591038,-0.01027991,0.01004036,1.0,2945,2024-08-26 16:56:55
dbd_avg_o2_sdb,increase,dbd_delivery_platform,dbd_delivery_platform_android,,control,0.64504223,,,,,,,,,,,,,,,2949,2024-08-26 16:56:46
dbd_avg_o2_mi,decrease,dbd_delivery_platform,dbd_delivery_platform_android,,control,0.0253371,,,,,,,,,,,,,,,2900,2024-08-26 16:56:50
dbd_avg_o2_package,increase,dbd_delivery_platform,dbd_delivery_platform_android,,treatment_2,0.64758152,0.01688383,-0.01845545,0.05222311,0.00004526,0.01075212,-0.01175297,0.03325721,0.00003156,0.34906738,-0.03869344,0.0724611,-0.02464112,0.04614536,1.0,2887,2024-08-26 16:56:44
dbd_avg_o2_nd,decrease,dbd_delivery_platform,dbd_delivery_platform_android,,control,0.00727736,,,,,,,,,,,,,,,2900,2024-08-26 16:57:01
dbd_avg_o2_cancellations,decrease,dbd_delivery_platform,dbd_delivery_platform_android,,control,0.02109716,,,,,,,,,,,,,,,2949,2024-08-26 16:56:55
dbd_avg_o2_package,increase,dbd_delivery_platform,dbd_delivery_platform_android,,control,0.63682941,,,,,,,,,,,,,,,2899,2024-08-26 16:56:44
dbd_avg_o2_20_late,decrease,dbd_delivery_platform,dbd_delivery_platform_android,,control,0.0293799,,,,,,,,,,,,,,,2900,2024-08-26 16:56:45
dbd_avg_o2_sdb,increase,dbd_delivery_platform,dbd_delivery_platform_android,,treatment_2,0.65182916,0.01052168,-0.02380494,0.04484829,0.00002896,0.00678693,-0.01535519,0.02892904,0.00001979,0.54799881,-0.04346299,0.06450635,-0.02803547,0.04160932,1.0,2945,2024-08-26 16:56:46
dbd_avg_o2_nd,decrease,dbd_delivery_platform,dbd_delivery_platform_android,,treatment_2,0.00418294,-0.42521173,-0.91463591,0.06421244,-0.00151321,-0.00309442,-0.00665614,0.0004673,-9.08e-6,0.08860237,-1.1949178,0.34449434,-0.00869585,0.00250701,0.70109282,2887,2024-08-26 16:57:01
dbd_avg_o2_hqdr,increase,dbd_delivery_platform,dbd_delivery_platform_android,,control,0.91534771,,,,,,,,,,,,,,,2949,2024-08-26 16:56:51
dbd_avg_o2_dx_cost,decrease,dbd_delivery_platform,dbd_delivery_platform_android,,control,3.92003552,,,,,,,,,,,,,,,2949,2024-08-26 16:56:49
dbd_avg_o2_dx_cost,decrease,dbd_delivery_platform,dbd_delivery_platform_android,,treatment_2,3.86489507,-0.01406632,-0.0492075,0.02107487,-0.00004122,-0.05514045,-0.19289515,0.08261424,-0.00016082,0.43272656,-0.06933204,0.04119941,-0.27178407,0.16150316,1.0,2945,2024-08-26 16:56:49
dbd_avg_o2_mi,decrease,dbd_delivery_platform,dbd_delivery_platform_android,,treatment_2,0.02379114,-0.06101552,-0.34417284,0.2221418,-0.00028154,-0.00154596,-0.00872034,0.00562843,-4.54e-6,0.67277801,-0.50633048,0.38429944,-0.01282894,0.00973703,1.0,2887,2024-08-26 16:56:50
dbd_avg_o2_hqdr,increase,dbd_delivery_platform,dbd_delivery_platform_android,,treatment_2,0.92274288,0.00807909,-0.00547783,0.02163601,0.00002345,0.00739518,-0.00501412,0.01980447,0.00002157,0.24279959,-0.01324157,0.02939975,-0.01212064,0.02691099,1.0,2945,2024-08-26 16:56:51
dbd_avg_o2_20_late,decrease,dbd_delivery_platform,dbd_delivery_platform_android,,treatment_2,0.02457535,-0.16353198,-0.41882895,0.09176499,-0.00045813,-0.00480455,-0.01230515,0.00269605,-0.0000141,0.20930946,-0.56503161,0.23796765,-0.01660057,0.00699147,1.0,2887,2024-08-26 16:56:45
dbd_avg_o2_mi,decrease,dbd_delivery_platform,dbd_delivery_platform_desktop,,treatment_2,0.01661049,-0.05975086,-0.37320405,0.25370233,-0.00021234,-0.00105556,-0.00659304,0.00448192,-3.42e-6,0.70869382,-0.55271143,0.43320972,-0.00976423,0.0076531,1.0,3387,2024-08-26 16:56:50
dbd_avg_o2_hqdr,increase,dbd_delivery_platform,dbd_delivery_platform_desktop,,treatment_2,0.93251826,0.00602902,-0.00577437,0.01783241,0.00001963,0.00558848,-0.00535243,0.0165294,0.00001805,0.31676639,-0.0125339,0.02459194,-0.01161804,0.022795,1.0,3455,2024-08-26 16:56:51
dbd_avg_o2_20_late,decrease,dbd_delivery_platform,dbd_delivery_platform_desktop,,control,0.02812682,,,,,,,,,,,,,,,3518,2024-08-26 16:56:45
dbd_avg_o2_cancellations,decrease,dbd_delivery_platform,dbd_delivery_platform_desktop,,control,0.02025985,,,,,,,,,,,,,,,3584,2024-08-26 16:56:55
dbd_avg_o2_20_late,decrease,dbd_delivery_platform,dbd_delivery_platform_desktop,,treatment_2,0.02262865,-0.19547792,-0.43768185,0.04672601,-0.00057912,-0.00549817,-0.0123106,0.00131425,-0.00001783,0.11368438,-0.57638644,0.18543059,-0.01621192,0.00521557,0.8218662,3387,2024-08-26 16:56:45
dbd_avg_o2_dx_cost,decrease,dbd_delivery_platform,dbd_delivery_platform_desktop,,control,4.11530625,,,,,,,,,,,,,,,3583,2024-08-26 16:56:49
dbd_avg_o2_package,increase,dbd_delivery_platform,dbd_delivery_platform_desktop,,treatment_2,0.69075118,-0.02101771,-0.05000491,0.00796948,-0.00006891,-0.0148297,-0.0352825,0.00562311,-0.00004806,0.15528511,-0.0666052,0.02456978,-0.04699536,0.01733596,0.99690359,3387,2024-08-26 16:56:44
dbd_avg_o2_nd,decrease,dbd_delivery_platform,dbd_delivery_platform_desktop,,control,0.0048812,,,,,,,,,,,,,,,3518,2024-08-26 16:57:01
dbd_avg_o2_package,increase,dbd_delivery_platform,dbd_delivery_platform_desktop,,control,0.70558087,,,,,,,,,,,,,,,3516,2024-08-26 16:56:44
dbd_avg_o2_dx_cost,decrease,dbd_delivery_platform,dbd_delivery_platform_desktop,,treatment_2,4.17599625,0.01474738,-0.02023112,0.04972589,0.00005024,0.06069,-0.08325726,0.20463725,0.00019604,0.40860797,-0.0402625,0.06975727,-0.16569252,0.28707251,1.0,3455,2024-08-26 16:56:49
dbd_avg_o2_sdb,increase,dbd_delivery_platform,dbd_delivery_platform_desktop,,treatment_2,0.68116607,-0.01631736,-0.04561451,0.01297979,-0.0000534,-0.0112992,-0.03158646,0.00898806,-0.0000365,0.274999,-0.06239231,0.02975759,-0.04320451,0.0206061,1.0,3455,2024-08-26 16:56:46
dbd_avg_o2_mi,decrease,dbd_delivery_platform,dbd_delivery_platform_desktop,,control,0.01766605,,,,,,,,,,,,,,,3518,2024-08-26 16:56:50
dbd_avg_o2_hqdr,increase,dbd_delivery_platform,dbd_delivery_platform_desktop,,control,0.92692978,,,,,,,,,,,,,,,3584,2024-08-26 16:56:51
dbd_avg_o2_nd,decrease,dbd_delivery_platform,dbd_delivery_platform_desktop,,treatment_2,0.00433282,-0.11234682,-0.70268813,0.4779945,-0.00029623,-0.00054839,-0.00342996,0.00233319,-1.78e-6,0.70915046,-1.04076294,0.81606931,-0.00508018,0.0039834,1.0,3387,2024-08-26 16:57:01
dbd_avg_o2_cancellations,decrease,dbd_delivery_platform,dbd_delivery_platform_desktop,,treatment_2,0.02280722,0.12573496,-0.18043619,0.4319061,0.00031806,0.00254737,-0.00365561,0.00875035,8.23e-6,0.4208796,-0.35577332,0.60724323,-0.00720791,0.01230265,1.0,3455,2024-08-26 16:56:55
dbd_avg_o2_sdb,increase,dbd_delivery_platform,dbd_delivery_platform_desktop,,control,0.69246528,,,,,,,,,,,,,,,3584,2024-08-26 16:56:46
dbd_avg_o2_dx_cost,decrease,dbd_delivery_platform,dbd_delivery_platform_ios,,control,3.91809764,,,,,,,,,,,,,,,469470,2024-08-26 16:56:49
dbd_avg_o2_package,increase,dbd_delivery_platform,dbd_delivery_platform_ios,,control,0.7017758,,,,,,,,,,,,,,,459308,2024-08-26 16:56:44
dbd_avg_o2_package,increase,dbd_delivery_platform,dbd_delivery_platform_ios,,treatment_2,0.70033441,-0.00205392,-0.00451996,0.00041211,-0.00094514,-0.00144139,-0.003172,0.00028921,-0.00065918,0.10259004,-0.0059322,0.00182435,-0.00416307,0.00128029,0.77012285,463114,2024-08-26 16:56:44
dbd_avg_o2_mi,decrease,dbd_delivery_platform,dbd_delivery_platform_ios,,control,0.01603502,,,,,,,,,,,,,,,459374,2024-08-26 16:56:50
dbd_avg_o2_hqdr,increase,dbd_delivery_platform,dbd_delivery_platform_ios,,control,0.92144245,,,,,,,,,,,,,,,469472,2024-08-26 16:56:51
dbd_avg_o2_hqdr,increase,dbd_delivery_platform,dbd_delivery_platform_ios,,treatment_2,0.92139645,-0.00004992,-0.00110749,0.00100765,-0.00002287,-0.000046,-0.00102049,0.00092849,-0.00002104,0.92628529,-0.00171314,0.00161329,-0.00157856,0.00148656,1.0,473557,2024-08-26 16:56:51
dbd_avg_o2_20_late,decrease,dbd_delivery_platform,dbd_delivery_platform_ios,,treatment_2,0.02908717,-0.00915436,-0.03004099,0.01173227,-0.00399193,-0.00026873,-0.00088188,0.00034441,-0.0001229,0.39032476,-0.04200228,0.02369356,-0.00123301,0.00069555,1.0,463177,2024-08-26 16:56:45
dbd_avg_o2_cancellations,decrease,dbd_delivery_platform,dbd_delivery_platform_ios,,treatment_2,0.02624472,0.02062126,-0.00161825,0.04286077,0.00937366,0.00053026,-0.00004161,0.00110214,0.00024254,0.06916385,-0.0143543,0.05559682,-0.00036911,0.00142964,0.59667515,473534,2024-08-26 16:56:55
dbd_avg_o2_cancellations,decrease,dbd_delivery_platform,dbd_delivery_platform_ios,,control,0.02571445,,,,,,,,,,,,,,,469453,2024-08-26 16:56:55
dbd_avg_o2_sdb,increase,dbd_delivery_platform,dbd_delivery_platform_ios,,treatment_2,0.68761008,-0.00156452,-0.00407986,0.00095082,-0.00072098,-0.00107747,-0.00280975,0.00065481,-0.00049283,0.22281233,-0.00552034,0.00239129,-0.00380179,0.00164685,1.0,473560,2024-08-26 16:56:46
dbd_avg_o2_dx_cost,decrease,dbd_delivery_platform,dbd_delivery_platform_ios,,treatment_2,3.92368772,0.00142673,-0.00154479,0.00439825,0.00065527,0.00559008,-0.00605263,0.01723279,0.00255688,0.34668008,-0.00324651,0.00609998,-0.01272014,0.0239003,1.0,473555,2024-08-26 16:56:49
dbd_avg_o2_mi,decrease,dbd_delivery_platform,dbd_delivery_platform_ios,,treatment_2,0.01604676,0.00073206,-0.02793915,0.02940327,0.00033304,0.00001174,-0.000448,0.00047148,5.37e-6,0.96008762,-0.04435848,0.0458226,-0.00071129,0.00073477,1.0,463200,2024-08-26 16:56:50
dbd_avg_o2_nd,decrease,dbd_delivery_platform,dbd_delivery_platform_ios,,control,0.00590674,,,,,,,,,,,,,,,459355,2024-08-26 16:57:01
dbd_avg_o2_sdb,increase,dbd_delivery_platform,dbd_delivery_platform_ios,,control,0.68868755,,,,,,,,,,,,,,,469473,2024-08-26 16:56:46
dbd_avg_o2_nd,decrease,dbd_delivery_platform,dbd_delivery_platform_ios,,treatment_2,0.00568682,-0.03723158,-0.08432655,0.00986339,-0.01675341,-0.00021992,-0.0004981,0.00005826,-0.00010058,0.1212672,-0.11129675,0.03683359,-0.0006574,0.00021757,0.85587401,463177,2024-08-26 16:57:01
dbd_avg_o2_20_late,decrease,dbd_delivery_platform,dbd_delivery_platform_ios,,control,0.0293559,,,,,,,,,,,,,,,459355,2024-08-26 16:56:45
dbd_avg_o2_hqdr,increase,dbd_user_type,dbd_user_type_new_dbd,,control,0.92172792,,,,,,,,,,,,,,,86735,2024-08-26 16:56:46
dbd_avg_o2_nd,decrease,dbd_user_type,dbd_user_type_new_dbd,,treatment_2,0.00724405,-0.0556058,-0.16233942,0.05112782,-0.00463027,-0.00042653,-0.00124524,0.00039218,-0.0000278,0.30720856,-0.2234633,0.1122517,-0.00171409,0.00086104,1.0,84824,2024-08-26 16:56:59
dbd_avg_o2_sdb,increase,dbd_user_type,dbd_user_type_new_dbd,,treatment_2,0.68070717,-0.00657003,-0.0129291,-0.00021096,-0.00043217,-0.00450184,-0.00885913,-0.00014455,-0.00029541,0.04286891,-0.01657079,0.00343073,-0.01135445,0.00235077,0.43365469,87531,2024-08-26 16:57:00
dbd_avg_o2_dx_cost,decrease,dbd_user_type,dbd_user_type_new_dbd,,control,3.51045226,,,,,,,,,,,,,,,86734,2024-08-26 16:56:56
dbd_avg_o2_cancellations,decrease,dbd_user_type,dbd_user_type_new_dbd,,treatment_2,0.03281409,0.03802221,-0.01448485,0.09052928,0.00304832,0.00120196,-0.0004579,0.00286182,0.00007887,0.15581774,-0.04455444,0.12059886,-0.00140846,0.00381239,0.99897851,87528,2024-08-26 16:56:59
dbd_avg_o2_20_late,decrease,dbd_user_type,dbd_user_type_new_dbd,,control,0.02618664,,,,,,,,,,,,,,,84153,2024-08-26 16:57:00
dbd_avg_o2_nd,decrease,dbd_user_type,dbd_user_type_new_dbd,,control,0.00767058,,,,,,,,,,,,,,,84153,2024-08-26 16:56:59
dbd_avg_o2_20_late,decrease,dbd_user_type,dbd_user_type_new_dbd,,treatment_2,0.02567732,-0.0194493,-0.07725745,0.03835885,-0.00107822,-0.00050931,-0.00202311,0.00100449,-0.00003319,0.50962516,-0.11036284,0.07146423,-0.00289003,0.00187141,1.0,84824,2024-08-26 16:57:00
dbd_avg_o2_mi,decrease,dbd_user_type,dbd_user_type_new_dbd,,control,0.01181175,,,,,,,,,,,,,,,84157,2024-08-26 16:56:51
dbd_avg_o2_cancellations,decrease,dbd_user_type,dbd_user_type_new_dbd,,control,0.03161212,,,,,,,,,,,,,,,86731,2024-08-26 16:56:59
dbd_avg_o2_package,increase,dbd_user_type,dbd_user_type_new_dbd,,treatment_2,0.67145797,-0.00514737,-0.01175583,0.00146108,-0.00032463,-0.00347413,-0.00793438,0.00098613,-0.00022641,0.12685299,-0.01554034,0.00524559,-0.01048867,0.00354042,0.88027495,84809,2024-08-26 16:56:40
dbd_avg_o2_mi,decrease,dbd_user_type,dbd_user_type_new_dbd,,treatment_2,0.01193675,0.01058264,-0.07654476,0.09771003,0.00050539,0.000125,-0.00090413,0.00115413,8.15e-6,0.8118342,-0.1264406,0.14760587,-0.00149349,0.00174348,1.0,84827,2024-08-26 16:56:51
dbd_avg_o2_dx_cost,decrease,dbd_user_type,dbd_user_type_new_dbd,,treatment_2,3.54464348,0.00973983,0.00309784,0.01638182,0.00057498,0.03419122,0.01087483,0.05750761,0.00224359,0.00405185,-0.00070587,0.02018554,-0.00247793,0.07086037,0.0821299,87529,2024-08-26 16:56:56
dbd_avg_o2_package,increase,dbd_user_type,dbd_user_type_new_dbd,,control,0.6749321,,,,,,,,,,,,,,,84138,2024-08-26 16:56:40
dbd_avg_o2_hqdr,increase,dbd_user_type,dbd_user_type_new_dbd,,treatment_2,0.92144578,-0.0003061,-0.00304223,0.00243003,-0.00002013,-0.00028214,-0.00280411,0.00223982,-0.00001851,0.8264415,-0.00460914,0.00399694,-0.00424838,0.0036841,1.0,87531,2024-08-26 16:56:46
dbd_avg_o2_sdb,increase,dbd_user_type,dbd_user_type_new_dbd,,control,0.68520901,,,,,,,,,,,,,,,86735,2024-08-26 16:57:00
dbd_avg_o2_cancellations,decrease,dbd_user_type,dbd_user_type_returning_dbd,,treatment_2,0.02510616,0.01752397,-0.00684754,0.04189548,0.00665421,0.00043238,-0.00016895,0.00103372,0.00017217,0.15875165,-0.02080455,0.05585248,-0.00051333,0.00137809,1.0,395245,2024-08-26 16:56:59
dbd_avg_o2_sdb,increase,dbd_user_type,dbd_user_type_returning_dbd,,control,0.68896709,,,,,,,,,,,,,,,391895,2024-08-26 16:57:00
dbd_avg_o2_mi,decrease,dbd_user_type,dbd_user_type_returning_dbd,,treatment_2,0.01679055,-0.00154183,-0.03155789,0.02847424,-0.00064117,-0.00002593,-0.00053069,0.00047884,-0.00001034,0.91980698,-0.0487474,0.04566375,-0.00081976,0.0007679,1.0,387410,2024-08-26 16:56:51
dbd_avg_o2_cancellations,decrease,dbd_user_type,dbd_user_type_returning_dbd,,control,0.02467378,,,,,,,,,,,,,,,391878,2024-08-26 16:56:59
dbd_avg_o2_dx_cost,decrease,dbd_user_type,dbd_user_type_returning_dbd,,control,3.98708484,,,,,,,,,,,,,,,391892,2024-08-26 16:56:56
dbd_avg_o2_sdb,increase,dbd_user_type,dbd_user_type_returning_dbd,,treatment_2,0.68841975,-0.00079444,-0.00350878,0.00191989,-0.00031885,-0.00054734,-0.00241743,0.00132274,-0.00021795,0.56620446,-0.00506321,0.00347433,-0.00348839,0.0023937,1.0,395268,2024-08-26 16:57:00
dbd_avg_o2_dx_cost,decrease,dbd_user_type,dbd_user_type_returning_dbd,,treatment_2,3.98785259,0.00019256,-0.00303772,0.00342284,0.00007835,0.00076775,-0.01211166,0.01364716,0.00030572,0.90699144,-0.00488763,0.00527275,-0.01948741,0.0210229,1.0,395265,2024-08-26 16:56:56
dbd_avg_o2_package,increase,dbd_user_type,dbd_user_type_returning_dbd,,control,0.70575396,,,,,,,,,,,,,,,384165,2024-08-26 16:56:40
dbd_avg_o2_hqdr,increase,dbd_user_type,dbd_user_type_returning_dbd,,treatment_2,0.92146034,0.00009286,-0.00104368,0.00122939,0.00003704,0.00008556,-0.00096162,0.00113273,0.00003407,0.87277682,-0.00169455,0.00188026,-0.00156131,0.00173243,1.0,395265,2024-08-26 16:56:46
dbd_avg_o2_nd,decrease,dbd_user_type,dbd_user_type_returning_dbd,,treatment_2,0.00540729,-0.03769135,-0.0896343,0.0142516,-0.01406182,-0.00021179,-0.00050366,0.00008008,-0.00008442,0.15496585,-0.11938082,0.04399813,-0.00067081,0.00024723,0.99565808,387390,2024-08-26 16:56:59
dbd_avg_o2_20_late,decrease,dbd_user_type,dbd_user_type_returning_dbd,,control,0.0298648,,,,,,,,,,,,,,,384199,2024-08-26 16:57:00
dbd_avg_o2_20_late,decrease,dbd_user_type,dbd_user_type_returning_dbd,,treatment_2,0.02957045,-0.00985588,-0.03206239,0.01235063,-0.00381116,-0.00029434,-0.00095754,0.00036885,-0.00011733,0.38436175,-0.04477955,0.02506779,-0.00133733,0.00074864,1.0,387390,2024-08-26 16:57:00
dbd_avg_o2_hqdr,increase,dbd_user_type,dbd_user_type_returning_dbd,,control,0.92137478,,,,,,,,,,,,,,,391894,2024-08-26 16:56:46
dbd_avg_o2_nd,decrease,dbd_user_type,dbd_user_type_returning_dbd,,control,0.00561908,,,,,,,,,,,,,,,384199,2024-08-26 16:56:59
dbd_avg_o2_package,increase,dbd_user_type,dbd_user_type_returning_dbd,,treatment_2,0.70461877,-0.00160847,-0.00424524,0.0010283,-0.00064877,-0.00113518,-0.00299609,0.00072573,-0.00045249,0.23184943,-0.00575526,0.00253832,-0.00406179,0.00179143,1.0,387341,2024-08-26 16:56:40
dbd_avg_o2_mi,decrease,dbd_user_type,dbd_user_type_returning_dbd,,control,0.01681648,,,,,,,,,,,,,,,384215,2024-08-26 16:56:51
dsmp_order_rate_7d,increase,is_occasional_cx,is_occasional_cx_NULL,,treatment_2,0.168556,-0.00512324,-0.0149837,0.00473722,-0.00003606,-0.000868,-0.0025386,0.0008026,-0.00011273,0.30851319,-0.02063056,0.01038408,-0.00349531,0.00175931,1.0,1444254,2024-08-27 13:32:14
dsmp_gov,increase,is_occasional_cx,is_occasional_cx_NULL,,control,2789.64121036,,,,,,,,,,,,,,,194200,2024-08-27 13:31:59
vp_core,increase,is_occasional_cx,is_occasional_cx_NULL,,control,-0.12905292,,,,,,,,,,,,,,,230533,2024-08-26 21:44:05
vp_core,increase,is_occasional_cx,is_occasional_cx_NULL,,treatment_2,-0.13797431,0.06912975,0.58229994,-0.44404044,-0.00003257,-0.0089214,-0.0751475,0.05730471,-0.00009554,0.79175757,0.87618062,-0.73792113,-0.11307366,0.09523087,1.0,229462,2024-08-26 21:44:05
dsmp_gov,increase,is_occasional_cx,is_occasional_cx_NULL,,treatment_2,2785.06296418,-0.00164116,-0.00672384,0.00344152,-0.00001352,-4.57824618,-18.75710909,9.60061674,-0.04926062,0.5268268,-0.00963458,0.00635226,-26.87701571,17.72052336,1.0,193301,2024-08-27 13:31:59
dsmp_order_rate_7d,increase,is_occasional_cx,is_occasional_cx_NULL,,control,0.169424,,,,,,,,,,,,,,,1443792,2024-08-27 13:32:14
dsmp_order_rate_7d,increase,is_occasional_cx,is_occasional_cx_Occasional,,control,1.631007,,,,,,,,,,,,,,,125081,2024-08-27 13:32:14
vp_core,increase,is_occasional_cx,is_occasional_cx_Occasional,,control,2.37682032,,,,,,,,,,,,,,,967168,2024-08-26 21:44:05
dsmp_gov,increase,is_occasional_cx,is_occasional_cx_Occasional,,control,3691.26732109,,,,,,,,,,,,,,,908593,2024-08-27 13:31:59
vp_core,increase,is_occasional_cx,is_occasional_cx_Occasional,,treatment_2,2.37864647,0.00076831,-0.01018204,0.01171867,0.00002116,0.00182615,-0.02420089,0.02785318,0.00006206,0.89062152,-0.01645306,0.01798969,-0.03910596,0.04275826,1.0,966534,2024-08-26 21:44:05
dsmp_gov,increase,is_occasional_cx,is_occasional_cx_Occasional,,treatment_2,3691.52233728,0.00006909,-0.00185601,0.00199418,2.51e-6,0.25501619,-6.85103208,7.36106446,0.00914787,0.94392494,-0.00295847,0.00309664,-10.92050145,11.43053383,1.0,907644,2024-08-27 13:31:59
dsmp_order_rate_7d,increase,is_occasional_cx,is_occasional_cx_Occasional,,treatment_2,1.635106,0.00251317,-0.00349502,0.00852137,0.00001472,0.004099,-0.00570041,0.01389841,0.00004602,0.41231056,-0.00693578,0.01196212,-0.0113123,0.0195103,1.0,124584,2024-08-27 13:32:14
vp_core,increase,is_occasional_cx,is_occasional_cx_Other,,control,3.63284289,,,,,,,,,,,,,,,5400240,2024-08-26 21:44:05
dsmp_order_rate_7d,increase,is_occasional_cx,is_occasional_cx_Other,,control,2.972272,,,,,,,,,,,,,,,2252862,2024-08-27 13:32:14
dsmp_order_rate_7d,increase,is_occasional_cx,is_occasional_cx_Other,,treatment_2,2.973239,0.00032534,-0.00127024,0.00192092,0.00006269,0.000967,-0.0037755,0.0057095,0.00019597,0.68942294,-0.00218399,0.00283467,-0.00649142,0.00842542,1.0,2253592,2024-08-27 13:32:14
dsmp_gov,increase,is_occasional_cx,is_occasional_cx_Other,,treatment_2,3648.24766299,-0.00044919,-0.00117936,0.00028098,-0.00019568,-1.63947969,-4.30451964,1.02556025,-0.71289523,0.22792125,-0.00159751,0.00069914,-5.83072633,2.55176695,1.0,5189942,2024-08-27 13:31:59
vp_core,increase,is_occasional_cx,is_occasional_cx_Other,,treatment_2,3.63697765,0.00113816,-0.00126021,0.00353653,0.00056925,0.00413476,-0.00457814,0.01284765,0.00166965,0.35231265,-0.0026337,0.00491002,-0.00956781,0.01783732,1.0,5402351,2024-08-26 21:44:05
dsmp_gov,increase,is_occasional_cx,is_occasional_cx_Other,,control,3649.88714268,,,,,,,,,,,,,,,5188270,2024-08-27 13:31:59