"Metric Name","Type","Parent Metric","Experiment Group","Aggregate Func","15 mins treatment Value","15 mins treatment Exposure Volume","20 mins treatment Value","20 mins treatment Exposure Volume","20 mins treatment Absolute Impact","20 mins treatment Absolute Impact Confidence Interval","20 mins treatment Relative Impact","20 mins treatment Relative Impact Confidence Interval","20 mins treatment P Value","20 mins treatment Significance","20 mins treatment Coverage","20 mins treatment Relative Global Lift","20 mins treatment Absolute Global Lift"
"account_or_system_push_opt_out","Metric","N/A","","mean","0.002791","8,349,517","0.002758","8,347,174","-0.000032","[-0.000082, +0.000019]","-0.011380","[-2.9457%, +0.6698%]","0.217290","-","","",""
"cx_lifestage_Dormant","Dimension","account_or_system_push_opt_out","","mean","0.004023","735,291","0.003848","735,719","-0.000172","[-0.000374, +0.000031]","-0.042647","[-9.2919%, +0.7626%]","0.096380","-","","",""
"cx_lifestage_New Cx","Dimension","account_or_system_push_opt_out","","mean","0.006458","107,614","0.006603","107,822","0.000160","[-0.00052, +0.000841]","0.024850","[-8.0477%, +13.0177%]","0.643785","-","","",""
"cx_lifestage_Non-Purchaser","Dimension","account_or_system_push_opt_out","","mean","0.008776","114,286","0.008546","114,556","-0.000239","[-0.000998, +0.00052]","-0.027261","[-11.3775%, +5.9254%]","0.536851","-","","",""
"account_or_system_push_opt_out_cx_lifestage_Churned","Dimension","account_or_system_push_opt_out","","mean","0.007311","550,970","0.007632","548,646","0.000331","[+0.000009, +0.000652]","0.045206","[+0.1205%, +8.9208%]","0.044046","Significant","","",""
"account_or_system_push_opt_out_cx_lifestage_Active","Dimension","account_or_system_push_opt_out","","mean","0.001997","6,470,370","0.001965","6,470,653","-0.000032","[-0.00008, +0.000017]","-0.015856","[-4.0117%, +0.8405%]","0.200218","-","","",""
"ads_promotion_promotion_cx_discount","Metric","N/A","","mean","1.975462","8,349,517","1.977528","8,347,174","0.001756","[-0.002556, +0.006067]","0.000889","[-0.1294%, +0.3071%]","0.424784","-","0.811578","0.000721","0.001077"
"ads_revenue","Metric","N/A","","mean","0.763087","8,349,517","0.765363","8,347,174","0.002560","[-0.000682, +0.005803]","0.003355","[-0.0894%, +0.7604%]","0.121689","-","0.515964","0.001731","0.001567"
"ad_product_NULL","Dimension","ads_revenue","","mean","0.022253","8,349,517","0.022266","8,347,174","0.000005","[-0.000045, +0.000055]","0.000235","[-0.2008%, +0.2479%]","0.837042","-","0.015027","0.000004","0.000003"
"ad_product_pm","Dimension","ads_revenue","","mean","0.162460","8,349,517","0.162637","8,347,174","0.000166","[-0.000286, +0.000618]","0.001023","[-0.176%, +0.3807%]","0.471099","-","0.109704","0.000112","0.000086"
"ad_product_sb","Dimension","ads_revenue","","mean","0.008047","8,349,517","0.008233","8,347,174","0.000252","[+0.000109, +0.000396]","0.031358","[+1.3487%, +4.9229%]","0.000584","Significant","0.005434","0.000170","0.000131"
"ad_product_sl","Dimension","ads_revenue","","mean","0.490710","8,349,517","0.492542","8,347,174","0.001693","[+0.000026, +0.003361]","0.003451","[+0.0053%, +0.6849%]","0.046554","Significant","0.331360","0.001143","0.000879"
"ad_product_sp","Dimension","ads_revenue","","mean","0.056282","8,349,517","0.056848","8,347,174","0.000601","[+0.000092, +0.00111]","0.010670","[+0.1627%, +1.9714%]","0.020746","Significant","0.038005","0.000406","0.000312"
"avg_dat_mins","Metric","N/A","","mean","-","0","-","0","-","-","-","-","-","-","-","-","-"
"cng_order_rate_nc","Metric","N/A","","mean","0.337973","8,349,517","0.338882","8,347,174","0.000740","[+0.00004, +0.001439]","0.002188","[+0.0118%, +0.4258%]","0.038256","Significant","0.848288","0.001856","0.002958"
"consumer_mto","Metric","N/A","","mean","0.027975","8,349,517","0.027758","8,347,174","-0.000231","[-0.000461, -0.000001]","-0.008244","[-1.6463%, -0.0025%]","0.049295","Significant","0.578549","-0.004770","-0.004303"
"consumer_order_frequency_l_28_d","Metric","N/A","","mean","7.726340","8,349,517","7.732220","8,347,174","0.005741","[-0.001329, +0.012811]","0.000743","[-0.0172%, +0.1658%]","0.111493","-","0.418817","0.000397","0.002405"
"consumers_mau","Metric","N/A","","mean","0.952979","8,349,517","0.953090","8,347,174","0.000061","[-0.000132, +0.000254]","0.000064","[-0.0138%, +0.0266%]","0.534291","-","0.418817","0.000027","0.000014"
"consumers_mau_cx_lifestage_Active","Dimension","consumers_mau","","mean","0.986917","6,470,370","0.986999","6,470,653","0.000082","[-0.000042, +0.000206]","0.000083","[-0.0042%, +0.0208%]","0.193599","-","0.325053","0.000027","0.000015"
"cx_lifestage_Dormant","Dimension","consumers_mau","","mean","0.936681","735,291","0.936411","735,719","-0.000270","[-0.001058, +0.000517]","-0.000289","[-0.1129%, +0.0552%]","0.501127","-","0.035067","-0.000010","-0.000005"
"cx_lifestage_New Cx","Dimension","consumers_mau","","mean","0.961074","107,614","0.960342","107,822","-0.000732","[-0.002373, +0.000909]","-0.000762","[-0.2469%, +0.0946%]","0.381920","-","0.005269","-0.000004","-0.000002"
"cx_lifestage_Non-Purchaser","Dimension","consumers_mau","","mean","0.870080","114,286","0.867768","114,556","-0.002287","[-0.005051, +0.000477]","-0.002628","[-0.5805%, +0.0549%]","0.104903","-","0.005067","-0.000013","-0.000007"
"consumers_mau_cx_lifestage_Churned","Dimension","consumers_mau","","mean","0.895855","550,970","0.896912","548,646","0.001053","[-0.000086, +0.002192]","0.001176","[-0.0096%, +0.2447%]","0.069899","-","0.025072","0.000029","0.000016"
"cx_app_latency_duration","Metric","N/A","","mean","-","0","-","0","-","-","-","-","-","-","-","-","-"
"cx_app_payload_size_android","Metric","N/A","","mean","-","0","-","0","-","-","-","-","-","-","-","-","-"
"cx_app_payload_size_ios","Metric","N/A","","mean","-","0","-","0","-","-","-","-","-","-","-","-","-"
"dashpass_paid_balance","Metric","N/A","","mean","0.403815","8,349,517","0.403897","8,347,174","-0.000120","[-0.00034, +0.000099]","-0.000298","[-0.0842%, +0.0246%]","0.283338","-","0.397931","-0.000118","-0.000056"
"dashpass_signup","Metric","N/A","","mean","0.018006","8,349,517","0.018018","8,347,174","0.000012","[-0.000118, +0.000141]","0.000662","[-0.6533%, +0.7858%]","0.856827","-","0.470030","0.000311","0.000274"
"dbd_attach_rate_post_checkout","Metric","N/A","","mean","0.035005","7,568,682","0.036046","7,568,255","0.001032","[+0.000889, +0.001176]","0.029492","[+2.54%, +3.3584%]","0.000000","Significant","0.757939","0.025442","0.000783"
"dbd_attach_rate_pre_and_post","Metric","N/A","","mean","0.048498","7,568,682","0.049482","7,568,255","0.000970","[+0.000793, +0.001147]","0.020008","[+1.6361%, +2.3655%]","0.000000","Significant","0.757939","0.017370","0.000735"
"dbd_attach_rate_pre_checkout","Metric","N/A","","mean","0.013493","7,568,682","0.013435","7,568,255","-0.000061","[-0.000161, +0.000038]","-0.004553","[-1.1908%, +0.2802%]","0.225047","-","0.757939","-0.004018","-0.000047"
"dbd_avg_o2_20_late","Metric","N/A","","mean","0.039975","673,235","0.039632","685,401","-0.000340","[-0.000934, +0.000255]","-0.008496","[-2.3369%, +0.6378%]","0.262932","-","0.869046","-0.007768","-0.000295"
"dbd_delivery_platform_android","Dimension","dbd_avg_o2_20_late","","mean","0.039209","148,441","0.040497","150,494","0.001293","[+0.00005, +0.002536]","0.032979","[+0.1267%, +6.469%]","0.041520","Significant","0.197361","0.006720","0.000255"
"dbd_delivery_platform_desktop","Dimension","dbd_avg_o2_20_late","","mean","0.035525","21,067","0.033034","21,469","-0.002492","[-0.005624, +0.000641]","-0.070135","[-15.8305%, +1.8035%]","0.118982","-","0.026476","-0.001747","-0.000066"
"dbd_delivery_platform_ios","Dimension","dbd_avg_o2_20_late","","mean","0.040401","503,967","0.039614","513,658","-0.000784","[-0.001479, -0.00009]","-0.019409","[-3.6599%, -0.2219%]","0.026896","Significant","0.641931","-0.013261","-0.000504"
"dbd_user_type_new_dbd","Dimension","dbd_avg_o2_20_late","","mean","0.037286","88,309","0.034342","89,770","-0.002945","[-0.004671, -0.001218]","-0.078973","[-12.527%, -3.2676%]","0.000828","Significant","0.090447","-0.007009","-0.000266"
"dbd_user_type_returning_dbd","Dimension","dbd_avg_o2_20_late","","mean","0.040293","588,653","0.040247","599,384","-0.000042","[-0.000675, +0.00059]","-0.001054","[-1.6741%, +1.4632%]","0.895177","-","0.778663","-0.000871","-0.000033"
"dbd_bundle_type_post_checkout","Dimension","dbd_avg_o2_20_late","","mean","0.036850","516,383","0.036669","529,696","-0.000179","[-0.000849, +0.00049]","-0.004869","[-2.3031%, +1.3293%]","0.599285","-","0.629676","-0.002979","-0.000113"
"dbd_bundle_type_pre_checkout","Dimension","dbd_avg_o2_20_late","","mean","0.048098","187,579","0.047588","187,003","-0.000518","[-0.001759, +0.000723]","-0.010764","[-3.6562%, +1.5035%]","0.413506","-","0.239273","-0.003258","-0.000124"
"dbd_avg_o2_cancellations","Metric","N/A","","mean","0.021657","685,505","0.022077","698,074","0.000414","[-0.000025, +0.000853]","0.019124","[-0.1147%, +3.9394%]","0.064449","-","0.868524","0.016163","0.000360"
"dbd_bundle_type_post_checkout","Dimension","dbd_avg_o2_cancellations","","mean","0.021791","526,297","0.022338","540,083","0.000544","[+0.00003, +0.001058]","0.024972","[+0.1394%, +4.855%]","0.037912","Significant","0.629400","0.015400","0.000343"
"dbd_bundle_type_pre_checkout","Dimension","dbd_avg_o2_cancellations","","mean","0.021334","191,016","0.021393","190,448","0.000056","[-0.000782, +0.000894]","0.002623","[-3.6668%, +4.1914%]","0.895887","-","0.239023","0.000600","0.000013"
"dbd_delivery_platform_android","Dimension","dbd_avg_o2_cancellations","","mean","0.019948","150,843","0.020138","152,958","0.000183","[-0.000701, +0.001068]","0.009186","[-3.5148%, +5.352%]","0.684675","-","0.196890","0.001622","0.000036"
"dbd_delivery_platform_desktop","Dimension","dbd_avg_o2_cancellations","","mean","0.020231","21,431","0.018409","21,803","-0.001816","[-0.004173, +0.00054]","-0.089772","[-20.6254%, +2.671%]","0.130909","-","0.026395","-0.002167","-0.000048"
"dbd_delivery_platform_ios","Dimension","dbd_avg_o2_cancellations","","mean","0.022236","513,482","0.022860","523,571","0.000620","[+0.000102, +0.001138]","0.027891","[+0.4584%, +5.1198%]","0.019004","Significant","0.641962","0.017905","0.000399"
"dbd_user_type_new_dbd","Dimension","dbd_avg_o2_cancellations","","mean","0.029574","90,794","0.030597","92,370","0.001024","[-0.000541, +0.002589]","0.034615","[-1.8299%, +8.753%]","0.199788","-","0.091159","0.004189","0.000093"
"dbd_user_type_returning_dbd","Dimension","dbd_avg_o2_cancellations","","mean","0.020736","598,512","0.021086","609,523","0.000345","[-0.00011, +0.0008]","0.016635","[-0.53%, +3.857%]","0.137183","-","0.777415","0.012047","0.000268"
"cancelled_bucket_accident_emergency_dx","Dimension","dbd_avg_o2_cancellations","","mean","1.000000","407","1.000000","394","0.000000","[-0.000022, +0.000022]","0.000000","[-0.0022%, +0.0022%]","1.000000","-","0.000394","0.000000","0.000000"
"cancelled_bucket_item_unavailable","Dimension","dbd_avg_o2_cancellations","","mean","1.000000","3,711","1.000000","3,991","0.000000","[-0.000031, +0.000031]","0.000000","[-0.0031%, +0.0031%]","1.000000","-","0.003810","0.000000","0.000000"
"cancelled_bucket_mx_cancel_other","Dimension","dbd_avg_o2_cancellations","","mean","1.000000","996","1.000000","1,092","0.000000","[-0.000032, +0.000032]","0.000000","[-0.0032%, +0.0032%]","1.000000","-","0.001030","0.000000","0.000000"
"cancelled_bucket_mx_didnt_confirm","Dimension","dbd_avg_o2_cancellations","","mean","1.000000","85","1.000000","79","0.000000","[0, 0]","0.000000","[0%, 0%]","1.000000","-","0.000080","0.000000","0.000000"
"cancelled_bucket_order_modification","Dimension","dbd_avg_o2_cancellations","","mean","1.000000","234","1.000000","247","0.000000","[-0.00017, +0.00017]","0.000000","[-0.017%, +0.017%]","1.000000","-","0.000237","0.000000","0.000000"
"cancelled_bucket_order_taking_too_long","Dimension","dbd_avg_o2_cancellations","","mean","1.000000","2,824","1.000000","2,942","0.000000","[-0.000042, +0.000042]","0.000000","[-0.0042%, +0.0042%]","1.000000","-","0.002843","0.000000","0.000000"
"cancelled_bucket_pos_proactive_cancel","Dimension","dbd_avg_o2_cancellations","","mean","1.000000","454","1.000000","438","0.000000","[-0.000046, +0.000046]","0.000000","[-0.0046%, +0.0046%]","1.000000","-","0.000446","0.000000","0.000000"
"cancelled_bucket_store_closed","Dimension","dbd_avg_o2_cancellations","","mean","1.000000","1,009","1.000000","975","0.000000","[-0.000015, +0.000015]","0.000000","[-0.0015%, +0.0015%]","1.000000","-","0.000974","0.000000","0.000000"
"dbd_avg_o2_dx_cost","Metric","N/A","","mean","4.089557","685,541","4.095455","698,098","0.007294","[-0.004034, +0.018622]","0.001783","[-0.0986%, +0.4553%]","0.206967","-","0.868528","0.001578","0.006337"
"dbd_user_type_new_dbd","Dimension","dbd_avg_o2_dx_cost","","mean","3.856051","90,800","3.863809","92,378","0.007759","[-0.019737, +0.035254]","0.002012","[-0.5118%, +0.9143%]","0.580212","-","0.091163","0.000176","0.000707"
"dbd_user_type_returning_dbd","Dimension","dbd_avg_o2_dx_cost","","mean","4.114459","598,545","4.119372","609,548","0.006470","[-0.00576, +0.018699]","0.001572","[-0.14%, +0.4545%]","0.299815","-","0.777416","0.001254","0.005033"
"dbd_bundle_type_post_checkout","Dimension","dbd_avg_o2_dx_cost","","mean","4.060879","526,339","4.071563","540,116","0.010904","[-0.002536, +0.024345]","0.002685","[-0.0625%, +0.5995%]","0.111803","-","0.629415","0.001713","0.006874"
"dbd_bundle_type_pre_checkout","Dimension","dbd_avg_o2_dx_cost","","mean","4.155963","191,016","4.149204","190,448","-0.005488","[-0.024453, +0.013478]","-0.001320","[-0.5884%, +0.3243%]","0.570645","-","0.239012","-0.000327","-0.001310"
"dbd_delivery_platform_android","Dimension","dbd_avg_o2_dx_cost","","mean","3.863970","150,845","3.877858","152,960","0.015533","[-0.008954, +0.040019]","0.004020","[-0.2317%, +1.0357%]","0.213764","-","0.196885","0.000762","0.003060"
"dbd_delivery_platform_desktop","Dimension","dbd_avg_o2_dx_cost","","mean","4.102515","21,432","4.145376","21,805","0.040935","[-0.01753, +0.099399]","0.009978","[-0.4273%, +2.4229%]","0.169971","-","0.026396","0.000271","0.001087"
"dbd_delivery_platform_ios","Dimension","dbd_avg_o2_dx_cost","","mean","4.156029","513,517","4.156643","523,601","0.001898","[-0.011118, +0.014914]","0.000457","[-0.2675%, +0.3589%]","0.775048","-","0.641972","0.000304","0.001220"
"dbd_avg_o2_gov_1pc","Metric","N/A","","mean","18.873609","16,104","19.108676","16,437","0.247041","[-0.080655, +0.574738]","0.013089","[-0.4273%, +3.0452%]","0.139525","-","0.948905","0.012422","0.234443"
"dbd_avg_o2_gov_3pc","Metric","N/A","","mean","16.131183","164,964","16.241603","168,797","0.108927","[+0.02759, +0.190263]","0.006753","[+0.171%, +1.1795%]","0.008670","Significant","0.860827","0.005855","0.093817"
"dbd_avg_o2_gov_alc","Metric","N/A","","mean","27.903467","28,539","28.096800","28,990","0.193036","[-0.183254, +0.569326]","0.006918","[-0.6567%, +2.0403%]","0.314676","-","0.962538","0.006665","0.185785"
"dbd_avg_o2_gov_flowers","Metric","N/A","","mean","41.046786","84","39.024622","81","-1.157006","[-9.510016, +7.196004]","-0.028188","[-23.1687%, +17.5312%]","0.786020","-","0.946614","-0.026543","-1.095952"
"dbd_avg_o2_gov_grocery","Metric","N/A","","mean","26.311642","83,801","26.476694","85,968","0.163920","[-0.07016, +0.398]","0.006230","[-0.2666%, +1.5126%]","0.169904","-","0.956825","0.005970","0.156866"
"dbd_avg_o2_gov_nv","Metric","N/A","","mean","20.470448","286,346","20.612690","292,900","0.141625","[+0.044649, +0.238602]","0.006919","[+0.2181%, +1.1656%]","0.004205","Significant","0.900733","0.006339","0.127614"
"dbd_avg_o2_gov_pets","Metric","N/A","","mean","37.353207","2,308","39.255753","2,420","1.793439","[-0.159301, +3.746179]","0.048013","[-0.4265%, +10.0291%]","0.071849","-","0.968548","0.046489","1.737169"
"dbd_avg_o2_gov_rx","Metric","N/A","","mean","19.551145","440,493","19.621666","447,897","0.072613","[+0.019124, +0.126102]","0.003714","[+0.0978%, +0.645%]","0.007797","Significant","0.849249","0.003218","0.061669"
"dbd_avg_o2_hqdr","Metric","N/A","","mean","0.918275","685,542","0.918384","698,106","0.000099","[-0.000727, +0.000924]","0.000108","[-0.0791%, +0.1007%]","0.814429","-","0.868529","0.000093","0.000086"
"dbd_bundle_type_post_checkout","Dimension","dbd_avg_o2_hqdr","","mean","0.920914","526,336","0.920763","540,115","-0.000159","[-0.001108, +0.000791]","-0.000172","[-0.1204%, +0.0859%]","0.743357","-","0.629416","-0.000109","-0.000100"
"dbd_bundle_type_pre_checkout","Dimension","dbd_avg_o2_hqdr","","mean","0.911254","191,016","0.911873","190,448","0.000622","[-0.001018, +0.002263]","0.000683","[-0.1117%, +0.2483%]","0.457135","-","0.239012","0.000162","0.000149"
"dbd_delivery_platform_android","Dimension","dbd_avg_o2_hqdr","","mean","0.921061","150,846","0.919981","152,959","-0.001093","[-0.002806, +0.000619]","-0.001187","[-0.3046%, +0.0672%]","0.210745","-","0.196886","-0.000234","-0.000215"
"dbd_delivery_platform_desktop","Dimension","dbd_avg_o2_hqdr","","mean","0.928031","21,432","0.932777","21,805","0.004659","[+0.000313, +0.009006]","0.005021","[+0.0337%, +0.9704%]","0.035642","Significant","0.026396","0.000135","0.000124"
"dbd_delivery_platform_ios","Dimension","dbd_avg_o2_hqdr","","mean","0.916949","513,515","0.917236","523,601","0.000282","[-0.000685, +0.001249]","0.000307","[-0.0747%, +0.1362%]","0.568062","-","0.641971","0.000197","0.000181"
"dbd_user_type_new_dbd","Dimension","dbd_avg_o2_hqdr","","mean","0.917751","90,800","0.919703","92,378","0.001956","[-0.000544, +0.004457]","0.002132","[-0.0593%, +0.4856%]","0.125152","-","0.091163","0.000194","0.000178"
"dbd_user_type_returning_dbd","Dimension","dbd_avg_o2_hqdr","","mean","0.918283","598,543","0.918193","609,547","-0.000108","[-0.000983, +0.000766]","-0.000118","[-0.107%, +0.0834%]","0.808324","-","0.777416","-0.000092","-0.000084"
"dbd_avg_o2_mi","Metric","N/A","","mean","0.015356","673,274","0.015394","685,443","0.000045","[-0.000327, +0.000416]","0.002899","[-2.1297%, +2.7094%]","0.814364","-","0.869050","0.002501","0.000039"
"dbd_bundle_type_post_checkout","Dimension","dbd_avg_o2_mi","","mean","0.015549","516,424","0.015625","529,738","0.000078","[-0.00036, +0.000516]","0.004992","[-2.3179%, +3.3162%]","0.728368","-","0.629694","0.003159","0.000049"
"dbd_bundle_type_pre_checkout","Dimension","dbd_avg_o2_mi","","mean","0.014949","187,579","0.014864","187,003","-0.000083","[-0.00078, +0.000614]","-0.005533","[-5.2149%, +4.1083%]","0.816042","-","0.239261","-0.001276","-0.000020"
"dbd_user_type_new_dbd","Dimension","dbd_avg_o2_mi","","mean","0.011235","88,318","0.011563","89,786","0.000328","[-0.000652, +0.001309]","0.029199","[-5.8076%, +11.6475%]","0.511993","-","0.090456","0.001915","0.000030"
"dbd_user_type_returning_dbd","Dimension","dbd_avg_o2_mi","","mean","0.015864","588,683","0.015864","599,410","0.000008","[-0.000391, +0.000406]","0.000475","[-2.4671%, +2.5621%]","0.970472","-","0.778658","0.000379","0.000006"
"dbd_delivery_platform_android","Dimension","dbd_avg_o2_mi","","mean","0.014848","148,447","0.014728","150,503","-0.000107","[-0.000872, +0.000659]","-0.007182","[-5.8725%, +4.4361%]","0.784788","-","0.197361","-0.001359","-0.000021"
"dbd_delivery_platform_desktop","Dimension","dbd_avg_o2_mi","","mean","0.012734","21,068","0.013010","21,471","0.000273","[-0.001651, +0.002197]","0.021433","[-12.9681%, +17.2546%]","0.781023","-","0.026476","0.000469","0.000007"
"dbd_delivery_platform_ios","Dimension","dbd_avg_o2_mi","","mean","0.015657","503,999","0.015745","513,690","0.000092","[-0.000345, +0.000529]","0.005886","[-2.202%, +3.3791%]","0.679332","-","0.641936","0.003823","0.000059"
"dbd_avg_o2_nd","Metric","N/A","","mean","0.003908","673,235","0.003699","685,401","-0.000209","[-0.000393, -0.000025]","-0.053516","[-10.0678%, -0.6354%]","0.026147","Significant","0.869046","-0.045351","-0.000182"
"dbd_delivery_platform_android","Dimension","dbd_avg_o2_nd","","mean","0.003915","148,441","0.003748","150,494","-0.000167","[-0.000555, +0.000221]","-0.042610","[-14.1678%, +5.6457%]","0.399225","-","0.197361","-0.008208","-0.000033"
"dbd_delivery_platform_desktop","Dimension","dbd_avg_o2_nd","","mean","0.003633","21,067","0.002610","21,469","-0.001022","[-0.001978, -0.000065]","-0.281214","[-54.4522%, -1.7906%]","0.036327","Significant","0.026476","-0.006783","-0.000027"
"dbd_delivery_platform_ios","Dimension","dbd_avg_o2_nd","","mean","0.003931","503,967","0.003725","513,658","-0.000206","[-0.000421, +0.000009]","-0.052452","[-10.7201%, +0.2296%]","0.060413","-","0.641931","-0.033018","-0.000132"
"dbd_bundle_type_post_checkout","Dimension","dbd_avg_o2_nd","","mean","0.004015","516,383","0.003791","529,696","-0.000224","[-0.000443, -0.000006]","-0.055834","[-11.0212%, -0.1457%]","0.044169","Significant","0.629676","-0.035280","-0.000141"
"dbd_bundle_type_pre_checkout","Dimension","dbd_avg_o2_nd","","mean","0.003641","187,579","0.003459","187,003","-0.000182","[-0.000525, +0.000161]","-0.049964","[-14.423%, +4.4303%]","0.298883","-","0.239273","-0.010853","-0.000043"
"dbd_user_type_new_dbd","Dimension","dbd_avg_o2_nd","","mean","0.004864","88,309","0.004181","89,770","-0.000682","[-0.001305, -0.00006]","-0.140297","[-26.8282%, -1.2312%]","0.031673","Significant","0.090447","-0.015395","-0.000062"
"dbd_user_type_returning_dbd","Dimension","dbd_avg_o2_nd","","mean","0.003800","588,653","0.003645","599,384","-0.000155","[-0.000347, +0.000038]","-0.040683","[-9.1377%, +1.0011%]","0.115738","-","0.778663","-0.030059","-0.000120"
"dbd_avg_o2_package","Metric","N/A","","mean","0.701582","673,254","0.689714","685,414","-0.011920","[-0.013349, -0.010491]","-0.016991","[-1.9028%, -1.4954%]","0.000000","Significant","0.869045","-0.015240","-0.010362"
"dbd_delivery_platform_android","Dimension","dbd_avg_o2_package","","mean","0.677403","148,444","0.667185","150,503","-0.010277","[-0.01336, -0.007194]","-0.015171","[-1.9722%, -1.0619%]","0.000000","Significant","0.197366","-0.002984","-0.002029"
"dbd_delivery_platform_desktop","Dimension","dbd_avg_o2_package","","mean","0.708833","21,067","0.704784","21,469","-0.004020","[-0.012155, +0.004115]","-0.005672","[-1.7148%, +0.5805%]","0.332719","-","0.026476","-0.000158","-0.000107"
"dbd_delivery_platform_ios","Dimension","dbd_avg_o2_package","","mean","0.708304","503,970","0.695482","513,657","-0.012857","[-0.014503, -0.011211]","-0.018151","[-2.0475%, -1.5827%]","0.000000","Significant","0.641926","-0.012149","-0.008261"
"dbd_user_type_new_dbd","Dimension","dbd_avg_o2_package","","mean","0.690330","88,313","0.674321","89,778","-0.016010","[-0.020313, -0.011706]","-0.023191","[-2.9426%, -1.6957%]","0.000000","Significant","0.090453","-0.002129","-0.001448"
"dbd_user_type_returning_dbd","Dimension","dbd_avg_o2_package","","mean","0.702894","588,655","0.691499","599,384","-0.011450","[-0.012964, -0.009936]","-0.016290","[-1.8444%, -1.4136%]","0.000000","Significant","0.778657","-0.013119","-0.008921"
"dbd_bundle_type_post_checkout","Dimension","dbd_avg_o2_package","","mean","0.651300","516,388","0.636432","529,705","-0.014914","[-0.016639, -0.01319]","-0.022899","[-2.5547%, -2.0251%]","0.000000","Significant","0.629678","-0.013831","-0.009405"
"dbd_bundle_type_pre_checkout","Dimension","dbd_avg_o2_package","","mean","0.832032","187,580","0.832664","187,002","0.000478","[-0.001753, +0.002709]","0.000575","[-0.2107%, +0.3256%]","0.674424","-","0.239272","0.000168","0.000114"
"dbd_avg_o2_sdb","Metric","N/A","","mean","0.683950","685,545","0.672160","698,108","-0.011878","[-0.013322, -0.010434]","-0.017367","[-1.9479%, -1.5256%]","0.000000","Significant","0.868529","-0.015405","-0.010320"
"dbd_delivery_platform_android","Dimension","dbd_avg_o2_sdb","","mean","0.662871","150,846","0.652089","152,960","-0.010923","[-0.01402, -0.007826]","-0.016479","[-2.1151%, -1.1806%]","0.000000","Significant","0.196886","-0.003212","-0.002152"
"dbd_delivery_platform_desktop","Dimension","dbd_avg_o2_sdb","","mean","0.695939","21,432","0.693563","21,805","-0.002388","[-0.010569, +0.005793]","-0.003431","[-1.5186%, +0.8324%]","0.567276","-","0.026396","-0.000095","-0.000063"
"dbd_delivery_platform_ios","Dimension","dbd_avg_o2_sdb","","mean","0.689742","513,518","0.677165","523,602","-0.012631","[-0.014298, -0.010965]","-0.018313","[-2.0729%, -1.5897%]","0.000000","Significant","0.641972","-0.012116","-0.008117"
"dbd_bundle_type_post_checkout","Dimension","dbd_avg_o2_sdb","","mean","0.660114","526,340","0.644154","540,117","-0.016004","[-0.0177, -0.014307]","-0.024244","[-2.6813%, -2.1674%]","0.000000","Significant","0.629417","-0.015058","-0.010088"
"dbd_bundle_type_pre_checkout","Dimension","dbd_avg_o2_sdb","","mean","0.745851","191,016","0.747405","190,448","0.001408","[-0.001277, +0.004092]","0.001887","[-0.1712%, +0.5487%]","0.304158","-","0.239012","0.000502","0.000336"
"dbd_user_type_new_dbd","Dimension","dbd_avg_o2_sdb","","mean","0.688739","90,800","0.671260","92,378","-0.017471","[-0.021732, -0.01321]","-0.025367","[-3.1554%, -1.918%]","0.000000","Significant","0.091162","-0.002377","-0.001593"
"dbd_user_type_returning_dbd","Dimension","dbd_avg_o2_sdb","","mean","0.683399","598,546","0.672276","609,549","-0.011227","[-0.012761, -0.009693]","-0.016428","[-1.8672%, -1.4184%]","0.000000","Significant","0.777417","-0.013035","-0.008733"
"dbd_avg_o2_subtotal_1pc","Metric","N/A","","mean","13.234863","16,104","13.485348","16,437","0.262222","[-0.023079, +0.547523]","0.019813","[-0.1744%, +4.137%]","0.071637","-","0.948905","0.018800","0.248850"
"dbd_avg_o2_subtotal_3pc","Metric","N/A","","mean","11.064257","164,964","11.138535","168,800","0.073570","[+0.004156, +0.142984]","0.006649","[+0.0376%, +1.2923%]","0.037773","Significant","0.860825","0.005792","0.063365"
"dbd_avg_o2_subtotal_alc","Metric","N/A","","mean","20.999062","28,539","21.148387","28,990","0.148203","[-0.158874, +0.45528]","0.007058","[-0.7566%, +2.1681%]","0.344185","-","0.962538","0.006804","0.142636"
"dbd_avg_o2_subtotal_flowers","Metric","N/A","","mean","34.084762","84","32.769746","81","-0.641919","[-7.422932, +6.139093]","-0.018833","[-21.7779%, +18.0113%]","0.852807","-","0.946614","-0.017751","-0.608046"
"dbd_avg_o2_subtotal_grocery","Metric","N/A","","mean","19.533322","83,803","19.731720","85,971","0.194494","[-0.006472, +0.39546]","0.009957","[-0.0331%, +2.0245%]","0.057849","-","0.956825","0.009544","0.186124"
"dbd_avg_o2_subtotal_nv","Metric","N/A","","mean","14.693245","286,348","14.822850","292,906","0.129399","[+0.047023, +0.211775]","0.008807","[+0.32%, +1.4413%]","0.002079","Significant","0.900733","0.008104","0.116598"
"dbd_avg_o2_subtotal_pets","Metric","N/A","","mean","29.345938","2,308","31.283900","2,420","1.823136","[+0.151673, +3.494598]","0.062126","[+0.5168%, +11.9083%]","0.032532","Significant","0.968548","0.060129","1.765934"
"dbd_avg_o2_subtotal_rx","Metric","N/A","","mean","13.555651","440,495","13.599000","447,902","0.047002","[+0.003631, +0.090372]","0.003467","[+0.0268%, +0.6667%]","0.033666","Significant","0.849251","0.003033","0.039918"
"dbd_avg_o2_vp_1pc","Metric","N/A","","mean","-17.132612","16,104","-16.913767","16,437","0.193582","[-0.170839, +0.558003]","0.011299","[+0.9972%, -3.257%]","0.297810","-","0.948905","-0.010622","0.183710"
"dbd_avg_o2_vp_3pc","Metric","N/A","","mean","-0.342192","164,964","-0.333535","168,797","0.010647","[-0.017584, +0.038878]","0.031114","[+5.1386%, -11.3614%]","0.459796","-","0.860827","-0.028131","0.009170"
"dbd_avg_o2_vp_alc","Metric","N/A","","mean","0.618654","28,539","0.709521","28,990","0.085042","[-0.034076, +0.20416]","0.137463","[-5.5081%, +33.0007%]","0.161730","-","0.962538","0.137884","0.081848"
"dbd_avg_o2_vp_flowers","Metric","N/A","","mean","0.947260","84","1.322352","81","0.441253","[-1.672106, +2.554613]","0.465820","[-176.5203%, +269.6843%]","0.682374","-","0.946614","0.398575","0.417969"
"dbd_avg_o2_vp_grocery","Metric","N/A","","mean","-1.933556","83,801","-1.967418","85,968","-0.031083","[-0.08952, +0.027355]","-0.016075","[+4.6298%, -1.4147%]","0.297182","-","0.956825","0.015228","-0.029745"
"dbd_avg_o2_vp_nv","Metric","N/A","","mean","-1.586091","286,346","-1.567761","292,900","0.017961","[-0.019193, +0.055115]","0.011324","[+1.2101%, -3.4749%]","0.343391","-","0.900733","-0.010610","0.016184"
"dbd_avg_o2_vp_pets","Metric","N/A","","mean","-1.572881","2,308","-1.343661","2,420","0.221379","[-0.228161, +0.670918]","0.140747","[+14.5059%, -42.6554%]","0.334446","-","0.968548","-0.137237","0.214433"
"dbd_avg_o2_vp_rx","Metric","N/A","","mean","-0.387251","440,493","-0.382670","447,897","0.001177","[-0.019168, +0.021522]","0.003040","[+4.9497%, -5.5577%]","0.909699","-","0.849249","-0.002127","0.001000"
"dbd_bottom_sheet_load_latency_ios","Metric","N/A","","mean","0.068545","7,357,530","0.084969","7,363,132","0.016342","[+0.016125, +0.016558]","0.238405","[+23.5251%, +24.1559%]","0.000000","Significant","0.716507","0.171565","0.011795"
"dbd_cx_retrial","Metric","N/A","","mean","0.008490","8,349,517","0.008717","8,347,174","0.000227","[+0.000138, +0.000315]","0.026699","[+1.6266%, +3.7132%]","0.000001","Significant","0.830445","0.022172","0.002424"
"dbd_existing_attach_rate_post_checkout","Metric","N/A","","mean","0.043076","4,646,210","0.044397","4,645,726","0.001310","[+0.001122, +0.001498]","0.030407","[+2.6045%, +3.4769%]","0.000000","Significant","0.783208","0.026593","0.001026"
"dbd_funnel_checkout_error","Metric","N/A","","mean","0.001235","7,223,829","0.001269","7,245,416","0.000034","[+0.000008, +0.00006]","0.027251","[+0.6223%, +4.8278%]","0.011084","Significant","0.756102","0.021666","0.000026"
"dbd_funnel_click_item","Metric","N/A","","mean","0.065101","7,223,829","0.067556","7,245,416","0.002457","[+0.002261, +0.002652]","0.037735","[+3.4732%, +4.0739%]","0.000000","Significant","0.756102","0.030110","0.001860"
"dbd_funnel_load_checkout","Metric","N/A","","mean","0.052475","7,223,829","0.054226","7,245,416","0.001757","[+0.001575, +0.00194]","0.033490","[+3.0015%, +3.6966%]","0.000000","Significant","0.756102","0.026853","0.001331"
"dbd_funnel_load_store","Metric","N/A","","mean","0.117196","7,223,829","0.104200","7,245,416","-0.012986","[-0.013245, -0.012728]","-0.110809","[-11.3018%, -10.8601%]","0.000000","Significant","0.756102","-0.088836","-0.009835"
"dbd_funnel_payment_error","Metric","N/A","","mean","0.001222","7,223,829","0.001256","7,245,416","0.000034","[+0.000008, +0.00006]","0.027970","[+0.6916%, +4.9024%]","0.009222","Significant","0.756102","0.022236","0.000026"
"dbd_funnel_tap_place_order","Metric","N/A","","mean","0.036512","7,223,829","0.037257","7,245,416","0.000751","[+0.000596, +0.000905]","0.020555","[+1.6334%, +2.4776%]","0.000000","Significant","0.756102","0.016753","0.000568"
"dbd_funnel_time_to_purchase","Metric","N/A","","mean","4.171536","516,015","4.595651","527,802","0.424131","[+0.405709, +0.442553]","0.101673","[+9.7257%, +10.6089%]","0.000000","Significant","0.860517","0.089191","0.366104"
"dbd_new_attach_rate_post_checkout","Metric","N/A","","mean","0.014072","2,952,268","0.014390","2,952,874","0.000322","[+0.000172, +0.000471]","0.022860","[+1.2248%, +3.3473%]","0.000024","Significant","0.699433","0.017799","0.000225"
"dbd_nv_trials_net_new_per_cx","Metric","N/A","","mean","0.001548","8,349,517","0.001585","8,347,174","0.000037","[-0.000001, +0.000075]","0.023933","[-0.0578%, +4.8445%]","0.055656","-","0.852969","0.020414","0.001060"
"dbd_nv_trials_per_cx","Metric","N/A","","mean","0.003092","8,349,517","0.003169","8,347,174","0.000077","[+0.000024, +0.000131]","0.024935","[+0.7604%, +4.2266%]","0.004804","Significant","0.860941","0.021467","0.002205"
"dbd_nv_trials_retrial_per_cx","Metric","N/A","","mean","0.001544","8,349,517","0.001584","8,347,174","0.000040","[+0.000002, +0.000078]","0.025946","[+0.1394%, +5.0497%]","0.038336","Significant","0.869084","0.022549","0.001146"
"dbd_o2_aov","Metric","N/A","","mean","20.359596","674,356","20.469610","686,531","0.111690","[+0.060377, +0.163003]","0.005486","[+0.2966%, +0.8006%]","0.000020","Significant","0.869221","0.004861","0.097112"
"dbd_o2_gmv","Metric","N/A","","mean","2.097226","8,349,517","2.152160","8,347,174","0.053638","[+0.044691, +0.062584]","0.025576","[+2.131%, +2.9841%]","0.000000","Significant","0.884825","0.022630","0.573510"
"dbd_o2_subtotal","Metric","N/A","","mean","14.046016","674,356","14.126298","686,531","0.083366","[+0.040579, +0.126154]","0.005935","[+0.2889%, +0.8981%]","0.000134","Significant","0.869221","0.005303","0.072485"
"dbd_o2_trials_per_cx","Metric","N/A","","mean","0.011656","7,568,682","0.011849","7,568,255","0.000197","[+0.000088, +0.000305]","0.016864","[+0.7555%, +2.6172%]","0.000384","Significant","0.789534","0.013314","0.000154"
"dbd_o2_vp","Metric","N/A","","mean","-0.797760","674,356","-0.793813","686,531","0.001097","[-0.017657, +0.019852]","0.001376","[+2.2133%, -2.4885%]","0.908695","-","0.869221","-0.001177","0.000954"
"dbd_o2_vp_per_cx","Metric","N/A","","mean","-0.082177","8,349,517","-0.083461","8,347,174","-0.001417","[-0.003412, +0.000579]","-0.017237","[+4.1526%, -0.7052%]","0.164241","-","0.854553","0.014730","-0.015146"
"dbd_o_2_trials_per_cx_post_checkout","Metric","N/A","","mean","0.009080","7,568,682","0.009286","7,568,255","0.000209","[+0.000113, +0.000305]","0.023002","[+1.2424%, +3.358%]","0.000020","Significant","0.776355","0.017858","0.000163"
"dbd_o_2_trials_per_cx_pre_checkout","Metric","N/A","","mean","0.002577","7,568,682","0.002563","7,568,255","-0.000013","[-0.000064, +0.000038]","-0.005086","[-2.4876%, +1.4703%]","0.614435","-","0.840109","-0.004273","-0.000010"
"dbd_order_frequency","Metric","N/A","","mean","1.275405","674,356","1.278334","686,531","0.003973","[+0.001657, +0.00629]","0.003115","[+0.1299%, +0.4932%]","0.000774","Significant","0.869221","0.002708","0.003463"
"dbd_order_frequency_14d","Metric","N/A","","mean","-","0","-","0","-","-","-","-","-","-","-","-","-"
"dbd_order_frequency_28d","Metric","N/A","","mean","-","0","-","0","-","-","-","-","-","-","-","-","-"
"dbd_order_frequency_7d","Metric","N/A","","mean","1.333494","486,048","1.337222","494,147","0.004828","[+0.001869, +0.007786]","0.003620","[+0.1402%, +0.5839%]","0.001381","Significant","0.654525","0.002370","0.003030"
"dbd_order_rate","Metric","N/A","","mean","0.103009","8,349,517","0.105139","8,347,174","0.002139","[+0.001772, +0.002505]","0.020760","[+1.7201%, +2.432%]","0.000000","Significant","0.868179","0.018024","0.022866"
"dbd_cx_segment_NULL","Dimension","dbd_order_rate","","mean","0.009023","191,073","0.008978","190,806","-0.000045","[-0.000843, +0.000753]","-0.004987","[-9.3472%, +8.3497%]","0.912037","-","0.001745","-0.000009","-0.000011"
"dbd_cx_segment_did_not_purchase_l180d","Dimension","dbd_order_rate","","mean","0.033480","5,065,435","0.034203","5,064,551","0.000723","[+0.000484, +0.000962]","0.021595","[+1.4469%, +2.8721%]","0.000000","Significant","0.171763","0.003709","0.004690"
"dbd_cx_segment_existing_purchased_l120d","Dimension","dbd_order_rate","","mean","0.079373","346,075","0.080787","348,260","0.001414","[+0.000021, +0.002807]","0.017815","[+0.0266%, +3.5363%]","0.046629","Significant","0.027911","0.000497","0.000629"
"dbd_cx_segment_existing_purchased_l180d","Dimension","dbd_order_rate","","mean","0.066811","470,150","0.069312","470,005","0.002501","[+0.001397, +0.003605]","0.037434","[+2.0903%, +5.3965%]","0.000009","Significant","0.031811","0.001191","0.001506"
"dbd_cx_segment_existing_purchased_l30d","Dimension","dbd_order_rate","","mean","0.478124","1,522,185","0.487175","1,524,343","0.009099","[+0.007324, +0.010874]","0.019031","[+1.5318%, +2.2743%]","0.000000","Significant","0.737704","0.014039","0.017752"
"dbd_cx_segment_existing_purchased_l60d","Dimension","dbd_order_rate","","mean","0.135601","754,485","0.139976","755,021","0.004375","[+0.003108, +0.005642]","0.032264","[+2.2919%, +4.1608%]","0.000000","Significant","0.103665","0.003345","0.004229"
"dbd_cx_segment_existing_purchased_l90d","Dimension","dbd_order_rate","","mean","0.096723","496,832","0.098907","495,942","0.002184","[+0.000886, +0.003482]","0.022580","[+0.9162%, +3.5997%]","0.000972","Significant","0.048631","0.001098","0.001388"
"dbd_order_rate_7d","Metric","N/A","","mean","0.125617","5,159,675","0.128086","5,158,893","0.002515","[+0.001994, +0.003037]","0.020025","[+1.587%, +2.418%]","0.000000","Significant","0.652632","0.013069","0.016622"
"dbd_post_checkout_browsed_carousels_fyp","Metric","N/A","","mean","0.693247","7,026,642","0.716383","7,051,353","0.023038","[+0.02172, +0.024356]","0.033232","[+3.1331%, +3.5133%]","0.000000","Significant","","",""
"dbd_post_checkout_browsed_items_fyp","Metric","N/A","","mean","1.779745","7,026,642","1.844115","7,051,353","0.063685","[+0.059916, +0.067454]","0.035783","[+3.3665%, +3.7901%]","0.000000","Significant","","",""
"dbd_post_checkout_browsed_stores","Metric","N/A","","mean","1.596203","7,026,642","1.618888","7,051,353","0.021840","[+0.019576, +0.024105]","0.013683","[+1.2264%, +1.5102%]","0.000000","Significant","","",""
"dbd_post_checkout_browsed_stores_fyp","Metric","N/A","","mean","0.698552","7,026,642","0.721762","7,051,353","0.023087","[+0.021766, +0.024409]","0.033050","[+3.1159%, +3.4942%]","0.000000","Significant","","",""
"dbd_post_checkout_browsed_stores_nav_bar","Metric","N/A","","mean","1.298049","7,026,642","1.306892","7,051,353","0.008298","[+0.006329, +0.010267]","0.006393","[+0.4876%, +0.7909%]","0.000000","Significant","","",""
"dbd_post_checkout_fyp_carousel_item_depth","Metric","N/A","","mean","0.914281","6,080,132","0.924499","6,132,680","0.009851","[+0.008339, +0.011362]","0.010774","[+0.9121%, +1.2427%]","0.000000","Significant","","",""
"dbd_total_o2_gmv_1pc","Metric","N/A","","mean","0.039883","8,349,517","0.041312","8,347,174","0.001477","[+0.000334, +0.00262]","0.037030","[+0.8364%, +6.5695%]","0.011345","Significant","0.948408","0.035119","0.001268"
"dbd_total_o2_gmv_3pc","Metric","N/A","","mean","0.370474","8,349,517","0.383253","8,347,174","0.011945","[+0.008726, +0.015165]","0.032243","[+2.3553%, +4.0933%]","0.000000","Significant","0.865261","0.027899","0.010260"
"dbd_total_o2_gmv_alc","Metric","N/A","","mean","0.106594","8,349,517","0.108756","8,347,174","0.001757","[-0.00054, +0.004054]","0.016483","[-0.5069%, +3.8035%]","0.133870","-","0.963302","0.015878","0.001509"
"dbd_total_o2_gmv_flowers","Metric","N/A","","mean","0.000413","8,349,517","0.000383","8,347,174","-0.000030","[-0.000178, +0.000118]","-0.071843","[-43.0116%, +28.6431%]","0.694304","-","0.942013","-0.067677","-0.000025"
"dbd_total_o2_gmv_grocery","Metric","N/A","","mean","0.295738","8,349,517","0.306428","8,347,174","0.010695","[+0.006748, +0.014643]","0.036165","[+2.2816%, +4.9513%]","0.000000","Significant","0.957584","0.034631","0.009186"
"dbd_total_o2_gmv_nv","Metric","N/A","","mean","0.836370","8,349,517","0.864952","8,347,174","0.027343","[+0.021378, +0.033308]","0.032692","[+2.556%, +3.9824%]","0.000000","Significant","0.915041","0.029915","0.023485"
"dbd_total_o2_gmv_pets","Metric","N/A","","mean","0.010665","8,349,517","0.011785","8,347,174","0.001026","[+0.000165, +0.001886]","0.096174","[+1.5513%, +17.6836%]","0.019444","Significant","0.967432","0.093042","0.000881"
"dbd_total_o2_gmv_rx","Metric","N/A","","mean","1.256883","8,349,517","1.283294","8,347,174","0.026780","[+0.020372, +0.033188]","0.021307","[+1.6208%, +2.6405%]","0.000000","Significant","0.865328","0.018437","0.023001"
"dbd_total_o2_orders_1pc","Metric","N/A","","mean","0.002113","8,349,517","0.002162","8,347,174","0.000047","[-0.000002, +0.000096]","0.022412","[-0.0811%, +4.5636%]","0.058556","-","0.948585","0.021260","0.000041"
"dbd_total_o2_orders_3pc","Metric","N/A","","mean","0.022966","8,349,517","0.023597","8,347,174","0.000602","[+0.000432, +0.000773]","0.026222","[+1.8803%, +3.3642%]","0.000000","Significant","0.859422","0.022536","0.000517"
"dbd_total_o2_orders_alc","Metric","N/A","","mean","0.003820","8,349,517","0.003871","8,347,174","0.000048","[-0.00002, +0.000115]","0.012435","[-0.5201%, +3.0072%]","0.166974","-","0.962142","0.011965","0.000041"
"dbd_total_o2_orders_flowers","Metric","N/A","","mean","0.000010","8,349,517","0.000010","8,347,174","0.000000","[-0.000003, +0.000003]","-0.000190","[-30.3553%, +30.3173%]","0.999020","-","0.952434","0.000000","0.000000"
"dbd_total_o2_orders_grocery","Metric","N/A","","mean","0.011240","8,349,517","0.011574","8,347,174","0.000325","[+0.000209, +0.000441]","0.028890","[+1.8586%, +3.9194%]","0.000000","Significant","0.956291","0.027627","0.000279"
"dbd_total_o2_orders_nv","Metric","N/A","","mean","0.040858","8,349,517","0.041963","8,347,174","0.001060","[+0.00083, +0.00129]","0.025936","[+2.0305%, +3.1566%]","0.000000","Significant","0.899695","0.023334","0.000910"
"dbd_total_o2_orders_pets","Metric","N/A","","mean","0.000286","8,349,517","0.000300","8,347,174","0.000014","[-0.000003, +0.000031]","0.048163","[-1.1365%, +10.7691%]","0.112788","-","0.968275","0.046635","0.000012"
"dbd_total_o2_orders_rx","Metric","N/A","","mean","0.064288","8,349,517","0.065403","8,347,174","0.001060","[+0.000767, +0.001353]","0.016485","[+1.1931%, +2.1039%]","0.000000","Significant","0.848155","0.013982","0.000910"
"doubledash_active_user","Metric","N/A","","mean","0.080766","8,349,517","0.082247","8,347,174","0.001497","[+0.001243, +0.001752]","0.018538","[+1.5389%, +2.1688%]","0.000000","Significant","0.870461","0.016137","0.016009"
"doubledash_l_28_d_mau","Metric","N/A","","mean","0.167651","8,349,517","0.168428","8,347,174","0.000847","[+0.000513, +0.00118]","0.005050","[+0.3059%, +0.7041%]","0.000001","Significant","0.563249","0.002844","0.002841"
"doubledash_l_28_d_post_checkout_mau","Metric","N/A","","mean","0.138358","8,349,517","0.139281","8,347,174","0.000974","[+0.000662, +0.001286]","0.007038","[+0.4784%, +0.9292%]","0.000000","Significant","0.564010","0.003970","0.003267"
"doubledash_l_28_d_pre_checkout_mau","Metric","N/A","","mean","0.048690","8,349,517","0.048632","8,347,174","-0.000018","[-0.000214, +0.000179]","-0.000362","[-0.4404%, +0.3679%]","0.860570","-","0.578385","-0.000209","-0.000059"
"doubledash_post_checkout_active_user","Metric","N/A","","mean","0.061978","8,349,517","0.063593","8,347,174","0.001622","[+0.001394, +0.001849]","0.026165","[+2.2496%, +2.9833%]","0.000000","Significant","0.864128","0.022609","0.017339"
"doubledash_post_checkout_wau","Metric","N/A","","mean","0.054635","8,349,517","0.056011","8,347,174","0.001407","[+0.001194, +0.001621]","0.025760","[+2.1845%, +2.9674%]","0.000000","Significant","0.452657","0.011660","0.009215"
"doubledash_pre_checkout_active_user","Metric","N/A","","mean","0.022466","8,349,517","0.022403","8,347,174","-0.000049","[-0.000188, +0.00009]","-0.002183","[-0.8355%, +0.3988%]","0.488061","-","0.887406","-0.001938","-0.000524"
"doubledash_pre_checkout_wau","Metric","N/A","","mean","0.019499","8,349,517","0.019454","8,347,174","-0.000029","[-0.000158, +0.000101]","-0.001485","[-0.8124%, +0.5154%]","0.661069","-","0.467495","-0.000694","-0.000190"
"doubledash_wau","Metric","N/A","","mean","0.071313","8,349,517","0.072585","8,347,174","0.001313","[+0.001073, +0.001552]","0.018406","[+1.5045%, +2.1766%]","0.000000","Significant","0.468878","0.008630","0.008594"
"dp_paid_pause_cancel","Metric","N/A","","mean","0.008150","3,661,555","0.008067","3,661,737","-0.000083","[-0.000214, +0.000049]","-0.010123","[-2.624%, +0.5995%]","0.218349","-","0.164289","-0.001663","-0.000027"
"dsmp_order_frequency","Metric","N/A","","mean","2.443357","7,934,734","2.446036","7,934,139","0.001616","[-0.000209, +0.003442]","0.000662","[-0.0085%, +0.1409%]","0.082616","-","0.785270","0.000520","0.001239"
"dsmp_order_frequency_14d","Metric","N/A","","mean","-","0","-","0","-","-","-","-","-","-","-","-","-"
"dsmp_order_frequency_28d","Metric","N/A","","mean","-","0","-","0","-","-","-","-","-","-","-","-","-"
"dsmp_order_frequency_7d","Metric","N/A","","mean","3.046515","4,643,791","3.048912","4,645,419","0.002197","[-0.000466, +0.00486]","0.000721","[-0.0153%, +0.1595%]","0.105810","-","0.573033","0.000413","0.000986"
"dsmp_order_rate","Metric","N/A","","mean","2.321977","8,349,517","2.325001","8,347,174","0.002003","[+0.000225, +0.003781]","0.000863","[+0.0097%, +0.1628%]","0.027261","Significant","0.764626","0.000660","0.001656"
"dsmp_order_rate_14d","Metric","N/A","","mean","-","0","-","0","-","-","-","-","-","-","-","-","-"
"dsmp_order_rate_28d","Metric","N/A","","mean","-","0","-","0","-","-","-","-","-","-","-","-","-"
"is_occasional_cx_NULL","Dimension","dsmp_order_rate_28d","","mean","0.060446","8,349,517","0.061023","8,347,174","0.000626","[-0.000131, +0.001384]","0.010362","[-0.2171%, +2.2895%]","0.105126","-","0.019904","0.000206","0.000508"
"is_occasional_cx_Occasional","Dimension","dsmp_order_rate_28d","","mean","0.118299","8,349,517","0.118278","8,347,174","0.000043","[-0.00036, +0.000446]","0.000364","[-0.3046%, +0.3773%]","0.834426","-","0.038954","0.000014","0.000035"
"is_occasional_cx_Other","Dimension","dsmp_order_rate_28d","","mean","2.021490","8,349,517","2.023828","8,347,174","0.001740","[-0.000088, +0.003568]","0.000861","[-0.0044%, +0.1765%]","0.062091","-","0.665641","0.000573","0.001412"
"dsmp_order_rate_7d","Metric","N/A","","mean","2.741913","5,159,675","2.745448","5,158,893","0.002839","[+0.000323, +0.005355]","0.001035","[+0.0118%, +0.1953%]","0.026998","Significant","0.557922","0.000578","0.001451"
"is_occasional_cx_NULL","Dimension","dsmp_order_rate_7d","","mean","0.059539","8,349,517","0.060107","8,347,174","0.000621","[-0.000129, +0.00137]","0.010428","[-0.216%, +2.3016%]","0.104462","-","0.019605","0.000204","0.000504"
"is_occasional_cx_Occasional","Dimension","dsmp_order_rate_7d","","mean","0.118093","8,349,517","0.118081","8,347,174","0.000051","[-0.000351, +0.000453]","0.000431","[-0.2971%, +0.3834%]","0.803881","-","0.038885","0.000017","0.000041"
"is_occasional_cx_Other","Dimension","dsmp_order_rate_7d","","mean","2.002585","8,349,517","2.004767","8,347,174","0.001592","[-0.000204, +0.003388]","0.000795","[-0.0102%, +0.1692%]","0.082251","-","0.659399","0.000524","0.001293"
"dsmp_perc_mx_trialers","Metric","N/A","","mean","0.263243","7,934,329","0.263347","7,933,723","0.000155","[-0.000192, +0.000502]","0.000588","[-0.0729%, +0.1906%]","0.381411","-","0.753519","0.000495","0.000117"
"dsmp_retention_rate_14d","Metric","N/A","","mean","-","0","-","0","-","-","-","-","-","-","-","-","-"
"dsmp_retention_rate_28d","Metric","N/A","","mean","-","0","-","0","-","-","-","-","-","-","-","-","-"
"dsmp_retention_rate_7d","Metric","N/A","","mean","0.900016","5,159,675","0.900468","5,158,893","0.000384","[+0.000031, +0.000737]","0.000426","[+0.0034%, +0.0819%]","0.033150","Significant","","",""
"first_contact_resolution_rate","Metric","N/A","","mean","0.913974","140,526","0.914422","139,581","0.000563","[-0.001673, +0.0028]","0.000616","[-0.1831%, +0.3063%]","0.621639","-","0.292733","0.000189","0.000165"
"gov_per_order_curie","Metric","N/A","","mean","38.239680","7,965,148","38.202206","7,964,544","-0.019391","[-0.042667, +0.003884]","-0.000507","[-0.1116%, +0.0102%]","0.102494","-","0.764995","-0.000405","-0.014838"
"is_occasional_cx_NULL","Dimension","gov_per_order_curie","","mean","27.676087","329,021","27.453303","329,781","-0.222784","[-0.576274, +0.130705]","-0.008050","[-2.0822%, +0.4723%]","0.216736","-","0.020407","-0.000125","-0.004580"
"is_occasional_cx_Occasional","Dimension","gov_per_order_curie","","mean","41.420019","934,406","41.457702","933,469","0.037108","[-0.065128, +0.139344]","0.000896","[-0.1572%, +0.3364%]","0.476836","-","0.045993","0.000047","0.001707"
"is_occasional_cx_Other","Dimension","gov_per_order_curie","","mean","38.330284","6,998,820","38.296593","6,998,955","-0.024445","[-0.047589, -0.001301]","-0.000638","[-0.1242%, -0.0034%]","0.038439","Significant","0.698638","-0.000466","-0.017083"
"hqdr_ratio","Metric","N/A","","mean","0.936553","7,996,591","0.936732","7,995,899","0.000167","[-0.000001, +0.000336]","0.000179","[-0.0001%, +0.0359%]","0.051825","-","0.763809","0.000137","0.000128"
"country_Australia","Dimension","hqdr_ratio","","mean","0.896291","5,525","0.898778","5,589","0.002487","[-0.008317, +0.013291]","0.002775","[-0.9279%, +1.4829%]","0.651849","-","0.000294","0.000000","0.000000"
"country_Canada","Dimension","hqdr_ratio","","mean","0.879996","6,100","0.871277","6,062","-0.008719","[-0.020849, +0.00341]","-0.009908","[-2.3692%, +0.3875%]","0.158848","-","0.000361","-0.000003","-0.000003"
"country_NULL","Dimension","hqdr_ratio","","mean","0.938395","7,912,369","0.938554","7,912,034","0.000159","[-0.000008, +0.000326]","0.000169","[-0.0009%, +0.0347%]","0.062305","-","0.759471","0.000129","0.000121"
"country_New Zealand","Dimension","hqdr_ratio","","mean","0.926189","2,256","0.938563","2,220","0.012374","[-0.000779, +0.025527]","0.013361","[-0.0841%, +2.7562%]","0.065191","-","0.000124","0.000002","0.000002"
"country_United States","Dimension","hqdr_ratio","","mean","0.895267","62,789","0.898615","62,314","0.003347","[+0.000169, +0.006525]","0.003739","[+0.0189%, +0.7289%]","0.038973","Significant","0.003573","0.000013","0.000012"
"nv_fco_all","Metric","N/A","","mean","7.568668","1,783,494","7.565733","1,785,731","-0.002788","[-0.022249, +0.016673]","-0.000368","[-0.294%, +0.2203%]","0.778885","-","0.843364","-0.000318","-0.002352"
"nv_hqfr","Metric","N/A","","mean","0.793337","1,268,794","0.792420","1,271,141","-0.000423","[-0.001978, +0.001131]","-0.000534","[-0.2493%, +0.1426%]","0.593451","-","0.882436","-0.000468","-0.000374"
"nv_mau","Metric","N/A","","mean","0.322073","8,349,517","0.322315","8,347,174","0.000109","[-0.000271, +0.000489]","0.000339","[-0.0842%, +0.1519%]","0.574171","-","0.529770","0.000179","0.000175"
"o1_aov","Metric","N/A","","mean","39.066941","7,951,321","39.039224","7,950,814","-0.006906","[-0.030838, +0.017026]","-0.000177","[-0.0789%, +0.0436%]","0.571689","-","0.777541","-0.000141","-0.005370"
"o1_gmv","Metric","N/A","","mean","86.992388","8,349,517","86.963955","8,347,174","-0.034658","[-0.110441, +0.041125]","-0.000398","[-0.127%, +0.0473%]","0.370062","-","0.796114","-0.000317","-0.028554"
"o1_order_rate","Metric","N/A","","mean","2.226752","8,349,517","2.227604","8,347,174","-0.000176","[-0.001833, +0.001481]","-0.000079","[-0.0823%, +0.0665%]","0.835145","-","0.777522","-0.000061","-0.000142"
"o1_order_rate_7d","Metric","N/A","","mean","2.625219","5,159,675","2.626202","5,158,893","0.000341","[-0.002, +0.002683]","0.000130","[-0.0762%, +0.1022%]","0.775094","-","0.566470","0.000074","0.000170"
"o1_subtotal","Metric","N/A","","mean","28.670419","7,951,321","28.666090","7,950,814","0.005186","[-0.017803, +0.028176]","0.000181","[-0.0621%, +0.0983%]","0.658366","-","0.777541","0.000145","0.004033"
"o1_vp","Metric","N/A","","mean","3.597179","7,951,321","3.599796","7,950,814","0.008682","[+0.000734, +0.01663]","0.002414","[+0.0204%, +0.4623%]","0.032286","Significant","0.777541","0.001973","0.006751"
"o1_vp_per_cx","Metric","N/A","","mean","8.010025","8,349,517","8.018921","8,347,174","0.015031","[-0.003144, +0.033205]","0.001876","[-0.0392%, +0.4145%]","0.105033","-","0.817448","0.001534","0.012383"
"order_inflation_rate","Metric","N/A","","mean","0.166100","6,302,972","0.166121","6,303,487","0.000011","[-0.000081, +0.000103]","0.000065","[-0.0488%, +0.0617%]","0.818975","-","0.724825","0.000043","0.000008"
"ox_gmv","Metric","N/A","","mean","84.603228","6,929,333","84.599479","6,931,450","-0.021776","[-0.110061, +0.066509]","-0.000257","[-0.1301%, +0.0786%]","0.628789","-","0.821989","-0.000212","-0.017332"
"ox_gov","Metric","N/A","","mean","38.129984","6,929,333","38.086428","6,931,450","-0.031774","[-0.058527, -0.005021]","-0.000833","[-0.1535%, -0.0132%]","0.019920","Significant","0.794302","-0.000685","-0.025244"
"ox_subtotal","Metric","N/A","","mean","27.975067","6,929,333","27.957621","6,931,450","-0.015210","[-0.041436, +0.011015]","-0.000544","[-0.1481%, +0.0394%]","0.255654","-","0.794302","-0.000451","-0.012084"
"ox_subtotal_combined","Metric","N/A","","mean","28.035804","4,260,528","28.056216","4,261,652","0.020398","[-0.008356, +0.049151]","0.000728","[-0.0298%, +0.1753%]","0.164410","-","0.435443","0.000325","0.008882"
"smb_rx_filtered_core_volume","Metric","N/A","","mean","0.515822","6,812,984","0.515548","6,813,210","-0.000418","[-0.000868, +0.000031]","-0.000811","[-0.1682%, +0.0061%]","0.068243","-","0.742030","-0.000775","-0.000310"
"variable_profit_per_order","Metric","N/A","","mean","3.466293","7,988,425","3.464397","7,987,483","0.002808","[-0.005373, +0.010989]","0.000810","[-0.155%, +0.317%]","0.501077","-","0.666059","0.000628","0.001871"
"consumer_is_occasional_cx_NULL","Dimension","variable_profit_per_order","","mean","-2.685802","5,950","-2.896791","6,047","-0.210988","[-0.678906, +0.256929]","-0.078557","[+25.2776%, -9.5662%]","0.376823","-","0.000281","-0.000020","-0.000059"
"consumer_is_occasional_cx_Occasional","Dimension","variable_profit_per_order","","mean","2.926160","926,709","2.957684","926,105","0.031569","[-0.00269, +0.065827]","0.010788","[-0.0919%, +2.2496%]","0.070911","-","0.040348","0.000430","0.001274"
"consumer_is_occasional_cx_Other","Dimension","variable_profit_per_order","","mean","3.503352","7,024,297","3.500244","7,024,271","0.000755","[-0.007592, +0.009102]","0.000216","[-0.2167%, +0.2598%]","0.859228","-","0.625438","0.000159","0.000473"
"is_occasional_cx_NULL","Dimension","variable_profit_per_order","","mean","0.751104","327,879","0.796025","328,656","0.044922","[-0.185183, +0.275027]","0.059808","[-24.6548%, +36.6163%]","0.701994","-","0.017678","0.000270","0.000800"
"is_occasional_cx_Occasional","Dimension","variable_profit_per_order","","mean","2.983305","934,883","3.020916","934,122","0.039644","[+0.005971, +0.073318]","0.013289","[+0.2001%, +2.4576%]","0.021027","Significant","0.040201","0.000537","0.001594"
"is_occasional_cx_Other","Dimension","variable_profit_per_order","","mean","3.619448","6,990,277","3.615377","6,990,326","-0.001482","[-0.008116, +0.005152]","-0.000409","[-0.2242%, +0.1424%]","0.661552","-","0.608190","-0.000304","-0.000901"
"vol_from_over_25","Metric","N/A","","mean","0.128577","7,934,734","0.128467","7,934,139","-0.000139","[-0.000388, +0.00011]","-0.001081","[-0.3019%, +0.0857%]","0.274394","-","0.764667","-0.000620","-0.000106"